Service Area,District,Facility Type,Level,Facility ID,Facility Name,CPC Target,Current # of CPC On-Board,CPC on Temp,CPC on Long Term Hold,Current # of CPC On-Board minus Temps minus LTH,Current % CPC to Target,Training Time Years,ATCS in Training,ATCS in Training on Long Term Hold,ATCS in Training minus LTH,Training Success Rate,Current ATCS in Training Expected to Cert,Committed ATCS Inbound,Placement List Inbounds,Temps Inbound,Inbounds Expected to Cert + Temps Inbound,Committed ATCS Outbound,Placement List Outbounds,Temps Outbound,Projected Retirements and Other Losses,Projected % to Target,Possible Gains to National Average,Possible Gains to Target,ERR Category,Possible Losses,Current % CPC to Trainees,TNE,AG,Dev1,Dev2,Dev3,Dev Total,CPCIT0,CPCIT1,CPCIT2,CPCIT3,CPCIT Total,EnRoute or Terminal,HRRegion,CoreAirport,Type
Western,Alaska,Approach Control,8,A11,Anchorage TRACON,24,21,2,0,19,79.17%,1.388660735,4,0,4,82.76%,3.310344828,1,1,2,3.655172414,1,0,0,1.409911537,98.15%,0,1,None,0,17.39%,0,3,0,0,0,3,1,0,0,0,1,TR,AL,No,2
Eastern,Atlanta ,Approach Control,12,A80,Atlanta TRACON,102,86,8,0,78,76.47%,1.194644079,21,0,21,35.96%,7.550561802,6,1,9,11.51685393,4,0,1,6.291316522,84.09%,18,46,None,0,21.21%,0,1,0,0,0,1,12,1,5,2,20,TR,SO,No,2
Eastern,Boston ,Approach Control,11,A90,Boston TRACON,77,62,0,0,62,80.52%,0.744695414,14,0,14,93.75%,13.125,0,0,0,0,0,0,0,4.612727155,91.57%,0,7,None,0,18.42%,0,0,0,0,0,0,5,1,1,7,14,TR,NE,No,2
Eastern,New York ,Tower and Approach Control,7,ABE,Allentown Tower,30,26,0,0,26,86.67%,2.592334018,6,0,6,76.92%,4.615384614,0,0,0,0,2,0,0,2.437380347,87.26%,2,5,Category 2,1,18.75%,0,1,0,2,1,4,0,0,2,0,2,TR,EA,No,3
Central,Fort Worth,Tower and Approach Control,6,ABI,Abilene Tower,20,15,0,0,15,75.00%,2.067709156,8,0,8,81.25%,6.5,0,0,0,0,0,0,0,2.809905835,93.45%,0,2,None,0,34.78%,0,5,0,3,0,8,0,0,0,0,0,TR,SW,No,3
Central,Albuquerque ,Tower and Approach Control,8,ABQ,Albuquerque Tower,32,20,0,0,20,62.50%,1.716119097,14,0,14,84.21%,11.78947368,0,0,0,0,0,0,0,1.781200963,93.78%,0,3,None,0,41.18%,0,2,0,7,2,11,3,0,0,0,3,TR,WP,No,3
Eastern,Boston ,Tower,5,ACK,Nantucket Tower,11,9,0,0,9,81.82%,0.880849708,2,0,2,83.04%,1.660714286,0,0,0,0,0,0,0,0.390236159,93.37%,0,1,None,0,18.18%,0,2,0,0,0,2,0,0,0,0,0,TR,NE,No,7
Central,Fort Worth,Tower and Approach Control,6,ACT,Waco Tower,22,18,1,0,17,77.27%,1.803372534,6,0,6,84.62%,5.076923076,0,0,1,1,0,0,0,0.530433058,102.48%,0,0,None,0,26.09%,0,0,0,1,1,2,0,0,2,2,4,TR,SW,No,3
Eastern,Washington ,Tower and Approach Control,6,ACY,Atlantic City Tower,26,22,0,0,22,84.62%,2.372445487,7,0,7,75.68%,5.297297299,0,0,0,0,2,0,0,2.958298718,85.92%,2,5,None,0,24.14%,0,2,0,3,0,5,0,0,1,1,2,TR,EA,No,3
Central,Fort Worth,Tower,6,ADS,Addison Tower,11,10,0,0,10,90.91%,0.443531828,1,0,1,100.00%,1,0,0,0,0,0,0,0,0.1064136,99.03%,0,1,Category 1,1,9.09%,0,0,0,0,0,0,1,0,0,0,1,TR,SW,No,7
Eastern,Washington ,Tower,5,ADW,Andrews Tower,15,12,1,0,11,73.33%,0.701498213,4,0,4,100.00%,4,0,0,1,1,0,0,0,0.241810412,105.05%,0,0,None,0,26.67%,0,0,0,0,3,3,0,0,0,1,1,TR,EA,No,7
Central,Fort Worth,Tower,6,AFW,Alliance Tower,15,13,0,0,13,86.67%,0.83883536,2,0,2,86.67%,1.733333334,1,0,0,0.866666667,0,2,0,0.755316245,85.63%,1,3,Category 2,1,13.33%,0,0,0,0,1,1,0,0,0,1,1,TR,SW,No,7
Central,Cleveland ,Tower,4,AGC,Allegheny Tower,15,13,1,0,12,80.00%,1.087513445,3,0,3,77.78%,2.333333334,1,0,1,1.777777778,0,1,0,0.351398679,98.40%,0,1,None,0,20.00%,0,0,0,0,3,3,0,0,0,0,0,TR,EA,No,7
Eastern,Atlanta ,Tower and Approach Control,5,AGS,Augusta Tower,15,8,0,0,8,53.33%,2.359799224,8,0,8,92.31%,7.384615384,0,0,0,0,0,0,0,2.595966525,85.26%,1,3,None,0,50.00%,0,2,0,0,6,8,0,0,0,0,0,TR,SO,No,3
Eastern,Boston ,Tower and Approach Control,6,ALB,Albany Tower,28,23,0,0,23,82.14%,2.540103292,11,0,11,64.71%,7.117647064,0,0,0,0,1,0,0,2.593277841,94.73%,0,3,None,0,32.35%,0,3,0,8,0,11,0,0,0,0,0,TR,NE,No,3
Central,Chicago ,Tower and Approach Control,5,ALO,Waterloo Tower,13,7,0,0,7,53.85%,1.698151951,8,0,8,75.00%,6,0,0,0,0,0,0,0,0.613311136,95.28%,0,1,None,0,53.33%,0,5,0,0,3,8,0,0,0,0,0,TR,CE,No,3
Central,Albuquerque ,Tower and Approach Control,6,AMA,Amarillo Tower,22,19,0,0,19,86.36%,2.426078029,6,0,6,72.73%,4.363636362,0,0,0,0,2,0,0,0.96969286,92.70%,0,3,Category 2,1,24.00%,0,3,0,3,0,6,0,0,0,0,0,TR,WP,No,3
Western,Alaska,Tower,8,ANC,Anchorage Tower,26,21,0,0,21,80.77%,0.58464522,2,0,2,85.71%,1.714285714,0,0,0,0,1,0,0,0.484766824,81.65%,3,6,None,0,8.70%,0,2,0,0,0,2,0,0,0,0,0,TR,AL,No,7
Western,Denver,Tower,8,APA,Centennial Tower,22,18,0,0,18,81.82%,0.741696816,6,0,6,84.00%,5.04,0,0,0,0,1,0,0,0.382138721,98.44%,0,1,None,0,25.00%,0,1,0,3,0,4,1,0,1,0,2,TR,NM,No,7
Western,Oakland,Tower,4,APC,Napa Tower,9,7,0,0,7,77.78%,1.20054757,6,2,4,87.50%,3.5,0,0,0,0,1,1,0,0.317956213,90.91%,0,1,None,0,36.36%,0,3,2,0,1,6,0,0,0,0,0,TR,WP,No,7
Central,Cleveland ,Tower,5,ARB,Ann Arbor Tower,9,8,0,0,8,88.89%,0.880849708,2,0,2,83.04%,1.660714286,0,0,0,0,0,0,0,0.481360523,101.99%,0,0,Category 2,1,20.00%,0,0,0,0,1,1,0,0,0,1,1,TR,GL,No,7
Central,Chicago ,Tower,4,ARR,Aurora Tower,11,11,0,0,11,100.00%,1.266712298,1,0,1,81.82%,0.818181818,1,0,0,0.818181818,1,0,0,1.194320321,94.93%,0,1,Category 1,2,8.33%,0,1,0,0,0,1,0,0,0,0,0,TR,GL,No,7
Western,Denver,Tower and Approach Control,5,ASE,Aspen TRACAB,15,8,1,0,7,46.67%,1.559140836,7,0,7,77.78%,5.444444446,0,0,1,1,0,0,0,0.282921738,87.74%,1,3,None,0,50.00%,0,4,0,0,3,7,0,0,0,0,0,TR,NM,No,3
Eastern,Atlanta ,Tower,12,ATL,Atlanta Tower,47,41,2,0,39,82.98%,0.846423682,4,0,4,65.31%,2.612244896,1,0,2,2.653061224,0,0,0,2.22912195,89.44%,1,8,None,0,9.30%,0,0,0,0,0,0,1,3,0,0,4,TR,SO,Yes,7
Central,Houston ,Tower and Approach Control,9,AUS,Austin Tower,38,33,0,1,32,84.21%,1.27437828,9,0,9,71.43%,6.428571426,1,0,0,0.714285714,1,0,0,1.950145187,95.24%,0,3,None,0,21.95%,0,0,0,0,0,0,0,3,4,2,9,TR,SW,No,3
Eastern,Atlanta ,Tower and Approach Control,6,AVL,Asheville Tower,17,15,0,0,15,88.24%,1.133079104,2,0,2,91.30%,1.826086956,1,0,0,0.913043478,1,0,0,0.768483294,93.94%,0,2,Category 2,1,11.76%,0,0,0,1,0,1,1,0,0,0,1,TR,SO,No,3
Eastern,New York ,Tower and Approach Control,6,AVP,Wilkes-Barre Tower,20,15,0,0,15,75.00%,1.654714895,6,0,6,81.25%,4.875,0,0,0,0,0,0,0,1.568591048,91.53%,0,3,None,0,28.57%,0,1,0,1,4,6,0,0,0,0,0,TR,EA,No,3
Central,Chicago ,Tower and Approach Control,7,AZO,Kalamazoo Tower,58,45,0,0,45,77.59%,1.680752188,14,0,14,82.61%,11.5652174,0,0,0,0,0,0,0,3.644977956,91.24%,0,7,None,0,23.73%,0,6,0,3,0,9,3,0,2,0,5,TR,GL,No,3
Eastern,Boston ,Tower,5,BDL,Bradley Tower,17,16,1,0,15,88.24%,0.887577002,2,0,2,84.21%,1.684210526,0,0,1,1,0,0,0,0.399439566,101.68%,0,0,Category 2,1,11.76%,0,0,0,0,2,2,0,0,0,0,0,TR,NE,No,7
Eastern,Boston ,Tower,6,BED,Hanscom Tower,17,12,0,0,12,70.59%,0.820359654,4,0,4,84.62%,3.384615384,0,0,0,0,0,0,0,0.649108537,86.68%,1,3,None,0,25.00%,0,2,0,0,2,4,0,0,0,0,0,TR,NE,No,7
Western,Seattle,Tower,7,BFI,Boeing Tower,19,14,0,0,14,73.68%,1.267472812,6,0,6,85.71%,5.142857142,1,0,0,0.857142857,0,0,0,1.275101798,98.55%,0,1,None,0,30.00%,0,2,0,0,2,4,1,0,0,1,2,TR,NM,No,7
Western,Los Angeles ,Tower and Approach Control,6,BFL,Bakersfield Tower,22,17,1,0,16,72.73%,1.706867442,6,0,6,81.08%,4.864864866,0,0,1,1,1,0,0,0.94979347,90.52%,0,3,None,0,27.27%,0,0,0,5,1,6,0,0,0,0,0,TR,WP,No,3
Eastern,New York ,Tower and Approach Control,5,BGM,Binghamton Tower,15,12,0,1,11,73.33%,1.627088618,3,0,3,94.44%,2.833333332,0,0,1,1,0,0,0,0.248176337,97.23%,0,1,None,0,21.43%,0,2,0,0,1,3,0,0,0,0,0,TR,EA,No,3
Eastern,Boston ,Tower and Approach Control,5,BGR,Bangor Tower,22,15,0,0,15,68.18%,1.525530459,10,0,10,71.43%,7.14285714,0,0,0,0,0,0,0,1.596413128,93.39%,0,3,None,0,40.00%,0,4,0,0,6,10,0,0,0,0,0,TR,NE,No,3
Eastern,Atlanta ,Tower and Approach Control,8,BHM,Birmingham Tower,30,20,0,0,20,66.67%,1.612333366,12,0,12,91.30%,10.95652174,0,0,0,0,0,0,0,1.604290791,97.84%,0,1,None,0,37.50%,0,3,0,7,0,10,1,0,1,0,2,TR,SO,No,3
Western,Salt Lake,Tower and Approach Control,6,BIL,Billings Tower,22,17,0,0,17,77.27%,2.505437676,7,0,7,81.82%,5.727272726,0,0,0,0,0,0,0,2.323624104,92.74%,0,2,None,0,29.17%,0,6,0,1,0,7,0,0,0,0,0,TR,NM,No,3
Central,Minneapolis ,Tower and Approach Control,5,BIS,Bismarck TRACAB,13,9,0,0,9,69.23%,1.632032854,6,0,6,100.00%,6,0,0,0,0,0,0,0,1.34883523,105.01%,0,0,None,0,40.00%,0,3,0,0,3,6,0,0,0,0,0,TR,GL,No,3
Western,Denver,Tower,7,BJC,Broomfield Tower,11,9,0,0,9,81.82%,1.157354686,2,0,2,78.02%,1.560477002,1,0,0,0.780238501,0,0,0,0.330265549,100.09%,0,0,None,0,18.18%,0,0,0,0,1,1,1,0,0,0,1,TR,NM,No,7
Eastern,Memphis ,Tower and Approach Control,9,BNA,Nashville Tower,39,30,1,0,29,74.36%,1.347460643,9,0,9,86.21%,7.758620694,0,0,1,1,0,0,0,1.948584887,91.82%,0,4,None,0,23.68%,0,1,0,1,1,3,0,4,2,0,6,TR,SO,No,3
Western,Salt Lake,Tower and Approach Control,8,BOI,Boise Tower,30,25,0,0,25,83.33%,1.774251758,5,0,5,91.67%,4.583333335,0,0,2,2,0,0,0,2.54577696,96.79%,0,2,None,0,16.67%,0,0,1,0,1,2,2,0,1,0,3,TR,NM,No,3
Eastern,Boston ,Tower,10,BOS,Boston Tower,34,25,0,1,24,70.59%,0.968025814,10,0,10,87.50%,8.75,0,0,0,0,1,0,0,2.337731902,86.51%,2,6,None,0,29.41%,0,0,1,0,0,1,5,4,0,0,9,TR,NE,Yes,7
Central,Houston ,Tower,4,BPT,Beaumont Tower,11,11,0,0,11,100.00%,0.428368346,1,0,1,92.86%,0.928571429,0,0,0,0,1,0,0,0.227472254,97.28%,0,1,Category 1,2,8.33%,0,0,0,0,1,1,0,0,0,0,0,TR,SO,No,7
Central,Houston ,Tower and Approach Control,6,BTR,Baton Rouge Tower,22,17,0,0,17,77.27%,1.817813886,9,0,9,82.14%,7.392857139,0,0,0,0,1,0,0,0.722860149,103.05%,0,0,None,0,34.62%,0,2,0,2,3,7,1,0,1,0,2,TR,SO,No,3
Eastern,Boston ,Tower and Approach Control,6,BTV,Burlington Tower,22,18,0,0,18,81.82%,1.942629581,9,0,9,75.86%,6.82758621,0,0,0,0,0,0,0,1.375604108,106.60%,0,0,None,0,33.33%,0,0,0,4,4,8,1,0,0,0,1,TR,NE,No,3
Central,Cleveland ,Tower and Approach Control,7,BUF,Buffalo Tower,37,27,0,0,27,72.97%,1.614989733,11,0,11,88.89%,9.777777779,0,0,0,0,0,0,0,1.988780727,94.02%,0,3,None,0,28.95%,0,1,0,8,0,9,1,0,1,0,2,TR,EA,No,3
Western,Los Angeles ,Tower,7,BUR,Burbank Tower,22,15,0,0,15,68.18%,1.049770216,7,0,7,77.78%,5.444444446,0,0,0,0,0,0,0,0.561403887,90.38%,0,3,None,0,31.82%,0,5,0,0,1,6,1,0,0,0,1,TR,WP,No,7
Eastern,Washington ,Tower,8,BWI,Baltimore Tower,22,19,0,2,17,77.27%,0.732648871,5,0,5,100.00%,5,0,1,2,3,0,0,0,1.276613483,107.83%,0,0,None,0,22.73%,0,0,0,0,1,1,1,0,2,1,4,TR,EA,Yes,7
Central,Chicago ,Approach Control,12,C90,Chicago TRACON,100,73,0,0,73,73.00%,1.64258879,26,0,26,56.96%,14.81012658,0,0,0,0,0,0,0,9.62568592,78.18%,22,39,None,0,26.26%,0,1,0,0,1,2,15,0,1,8,24,TR,GL,No,2
Eastern,Jacksonville ,Tower and Approach Control,6,CAE,Columbia Tower,22,17,0,0,17,77.27%,1.515400411,8,0,8,93.33%,7.466666664,0,0,0,0,1,0,0,2.348851852,95.99%,0,1,None,0,32.00%,0,4,0,2,0,6,1,0,1,0,2,TR,SO,No,3
Central,Cleveland ,Tower,7,CAK,Akron-Canton Tower,15,14,0,0,14,93.33%,1.157354686,6,0,6,78.02%,4.681431006,0,0,0,0,2,0,0,1.061207958,104.13%,0,0,Category 1,2,30.00%,0,6,0,0,0,6,0,0,0,0,0,TR,GL,No,7
Western,Oakland,Tower,5,CCR,Concord Tower,11,8,0,0,8,72.73%,0.759297285,4,0,4,92.31%,3.692307692,0,0,0,0,0,0,0,0.110545902,105.29%,0,0,None,0,33.33%,0,3,0,0,1,4,0,0,0,0,0,TR,WP,No,7
Eastern,New York ,Tower,5,CDW,Caldwell Tower,11,11,0,0,11,100.00%,1.049965777,0,0,0,88.89%,0,0,0,0,0,1,0,0,0.271110916,88.44%,1,2,Category 2,1,0.00%,0,0,0,0,0,0,0,0,0,0,0,TR,EA,No,7
Eastern,Atlanta ,Tower and Approach Control,6,CHA,Chattanooga Tower,20,16,0,0,16,80.00%,1.646889297,5,0,5,95.00%,4.75,0,0,0,0,0,0,0,0.534262807,101.08%,0,0,None,0,23.81%,0,1,0,2,0,3,2,0,0,0,2,TR,SO,No,3
Eastern,Jacksonville ,Tower and Approach Control,8,CHS,Charleston Tower,22,19,0,1,18,81.82%,2.250513347,6,0,6,73.33%,4.399999998,0,0,1,1,1,0,0,2.654935408,89.75%,1,4,None,0,25.00%,0,1,0,1,1,3,3,0,0,0,3,TR,SO,No,3
Central,Chicago ,Tower and Approach Control,5,CID,Cedar Rapids Tower,17,13,0,0,13,76.47%,1.067351129,5,0,5,90.91%,4.545454545,0,0,0,0,1,1,0,0.458660434,88.75%,1,3,None,0,27.78%,0,1,0,0,4,5,0,0,0,0,0,TR,CE,No,3
Central,Cleveland ,Tower and Approach Control,5,CKB,Clarksburg Tower,17,11,0,0,11,64.71%,1.495257651,6,1,5,87.50%,4.375,1,0,0,0.875,0,0,0,0.868328542,90.48%,0,2,None,0,31.25%,0,3,0,0,2,5,1,0,0,0,1,TR,EA,No,3
Central,Cleveland ,Tower and Approach Control,8,CLE,Cleveland Tower,52,42,0,0,42,80.77%,1.891296092,23,0,23,66.69%,15.3385773,0,0,0,0,0,0,0,5.477403801,99.73%,0,1,None,0,35.38%,0,2,0,0,0,2,13,0,8,0,21,TR,GL,No,3
Eastern,Atlanta ,Tower and Approach Control,12,CLT,Charlotte Tower,94,76,1,0,75,79.79%,1.597063891,16,0,16,85.29%,13.64705882,1,0,1,1.852941176,0,0,0,6.395418141,89.47%,1,12,None,0,17.58%,0,0,0,1,0,1,3,4,8,0,15,TR,SO,Yes,3
Western,Los Angeles ,Tower,6,CMA,Camarillo Tower,11,11,0,0,11,100.00%,1.103810176,2,0,2,81.82%,1.636363636,1,0,0,0.818181818,2,0,0,0.368319207,100.78%,0,0,Category 1,2,15.38%,0,2,0,0,0,2,0,0,0,0,0,TR,WP,No,7
Central,Indianapolis,Tower and Approach Control,8,CMH,Columbus Tower,41,31,1,1,29,70.73%,1.533717936,8,0,8,87.50%,7,0,0,2,2,0,0,0,1.831813493,88.22%,1,6,None,0,21.62%,0,0,1,0,0,1,1,4,0,2,7,TR,GL,No,3
Central,Chicago ,Tower and Approach Control,5,CMI,Champaign Tower,17,13,0,1,12,70.59%,1.611541094,6,0,6,86.67%,5.200000002,0,0,1,1,0,0,0,1.013983697,101.09%,0,0,None,0,33.33%,0,3,0,0,2,5,1,0,0,0,1,TR,GL,No,3
Western,Los Angeles ,Tower,7,CNO,Chino Tower,11,8,0,0,8,72.73%,1.282044262,5,0,5,83.33%,4.166666665,0,0,0,0,0,0,0,0.488684839,106.16%,0,0,None,0,38.46%,0,1,0,0,0,1,2,0,0,2,4,TR,WP,No,7
Western,Denver,Tower and Approach Control,8,COS,Colorado Springs Tower,24,18,0,0,18,75.00%,1.686094877,7,0,7,89.66%,6.275862068,0,0,0,0,0,0,0,1.03723606,96.83%,0,1,None,0,28.00%,0,0,0,0,0,0,4,0,3,0,7,TR,NM,No,3
Western,Denver,Tower and Approach Control,5,CPR,Casper Tower,13,8,0,0,8,61.54%,1.469574003,6,0,6,87.50%,5.25,0,0,0,0,0,0,0,0.190724511,100.46%,0,0,None,0,42.86%,0,3,0,0,3,6,0,0,0,0,0,TR,NM,No,3
Central,Kansas City ,Tower,5,CPS,St. Louis Downtown Tower,11,11,1,0,10,90.91%,0.606433949,1,0,1,100.00%,1,0,0,1,1,1,0,0,0.424904422,96.14%,0,1,Category 1,1,9.09%,0,0,0,0,0,0,1,0,0,0,1,TR,GL,No,7
Central,Houston ,Tower and Approach Control,9,CRP,Corpus Christi Tower,34,28,0,0,28,82.35%,2.271655639,12,0,12,90.00%,10.8,1,0,0,0.9,2,0,0,4.271215306,98.32%,0,1,None,0,30.00%,0,2,2,3,0,7,0,2,3,0,5,TR,SW,No,3
Western,Los Angeles ,Tower,6,CRQ,Palomar Tower,11,11,0,0,11,100.00%,0.900267316,1,0,1,79.65%,0.796468401,0,0,0,0,1,0,0,0.311895339,95.31%,0,1,Category 1,2,8.33%,0,0,0,0,1,1,0,0,0,0,0,TR,WP,No,7
Central,Indianapolis,Tower and Approach Control,5,CRW,Charleston Tower,22,16,0,0,16,72.73%,1.309083798,6,0,6,95.45%,5.72727273,0,0,0,0,0,0,0,1.75913544,90.76%,0,3,None,0,27.27%,0,2,0,0,3,5,1,0,0,0,1,TR,EA,No,3
Eastern,Atlanta ,Tower,4,CSG,Columbus Tower,7,7,0,0,7,100.00%,0.655258955,1,0,1,100.00%,1,0,0,0,0,1,0,0,0.25652861,96.34%,0,1,Category 1,1,12.50%,0,0,0,0,1,1,0,0,0,0,0,TR,SO,No,7
Central,Indianapolis,Tower and Approach Control,9,CVG,Cincinnati Tower,43,32,0,0,32,74.42%,1.639972621,15,0,15,83.33%,12.5,0,0,0,0,0,0,0,2.916626889,96.71%,0,2,None,0,31.91%,0,1,0,0,0,1,12,1,0,1,14,TR,SO,No,3
Western,Denver,Approach Control,12,D01,Denver TRACON,89,71,0,0,71,79.78%,1.096452202,10,0,10,76.19%,7.61904762,8,0,0,6.095238096,1,1,0,3.814930588,88.65%,2,14,None,0,12.35%,0,1,0,0,0,1,8,1,0,0,9,TR,NM,No,2
Central,Fort Worth,Approach Control,12,D10,Dallas-Fort Worth TRACON,93,72,2,1,69,74.19%,2.448086616,26,1,25,74.32%,18.58108108,3,6,3,9.689189187,0,0,0,12.80671922,90.82%,0,12,None,0,26.60%,0,0,0,0,1,1,8,12,3,2,25,TR,SW,No,2
Central,Cleveland ,Approach Control,11,D21,Detroit TRACON,58,38,0,0,38,65.52%,2.020533881,21,0,21,71.05%,14.92105264,0,0,0,0,0,0,0,5.131035182,82.40%,7,15,None,0,35.59%,0,0,0,0,0,0,6,3,9,3,21,TR,GL,No,2
Eastern,Jacksonville ,Tower and Approach Control,10,DAB,Daytona Beach Tower,58,46,0,0,46,79.31%,2.403027741,16,0,16,82.93%,13.26829269,0,0,0,0,0,0,0,5.20396351,93.21%,0,5,None,0,25.81%,0,1,0,2,0,3,4,5,4,0,13,TR,SO,No,3
Central,Fort Worth,Tower,8,DAL,Dallas Love Tower,24,21,0,0,21,87.50%,0.934734469,4,0,4,100.00%,4,0,0,0,0,0,1,0,0.675621681,97.18%,0,1,Category 2,1,16.00%,0,0,0,1,0,1,3,0,0,0,3,TR,SW,No,7
Central,Indianapolis,Tower,4,DAY,Dayton Tower,15,13,0,0,13,86.67%,1.059080924,4,0,4,83.81%,3.35222672,0,1,0,0.83805668,1,1,0,0.940679433,95.00%,0,1,Category 2,1,23.53%,0,1,0,0,2,3,0,0,0,1,1,TR,GL,No,7
Eastern,Washington ,Tower,9,DCA,Washington National Tower,28,21,0,0,21,75.00%,1.481959519,8,0,8,96.55%,7.724137928,0,0,0,0,1,0,0,1.562878034,93.43%,0,2,None,0,27.59%,0,0,1,0,0,1,6,0,1,0,7,TR,EA,Yes,7
Western,Denver,Tower,12,DEN,Denver Tower,39,29,1,0,28,71.79%,0.914939954,9,0,9,95.65%,8.608695651,1,0,1,1.956521739,0,0,0,2.119509135,93.45%,0,3,None,0,24.32%,0,0,1,1,0,2,4,3,0,0,7,TR,NM,Yes,7
Central,Fort Worth,Tower,12,DFW,Dallas-Fort Worth Tower,57,45,0,1,44,77.19%,0.957124555,12,0,12,90.70%,10.88372093,0,0,1,1,1,0,0,1.954065594,92.86%,0,5,None,0,21.43%,0,0,0,0,0,0,9,3,0,0,12,TR,SW,Yes,7
Central,Minneapolis ,Tower and Approach Control,5,DLH,Duluth Tower,20,15,0,0,15,75.00%,2.550432456,7,0,7,64.71%,4.529411768,0,0,0,0,1,0,0,2.36430139,80.83%,3,6,None,0,31.82%,0,7,0,0,0,7,0,0,0,0,0,TR,GL,No,3
Central,Chicago ,Tower,6,DPA,Dupage Tower,15,15,0,0,15,100.00%,1.122021032,2,0,2,73.33%,1.466666666,0,0,0,0,2,0,0,0.694491583,91.81%,0,2,Category 1,2,11.76%,0,1,0,0,0,1,1,0,0,0,1,TR,GL,No,7
Central,Minneapolis ,Tower and Approach Control,7,DSM,Des Moines Tower,22,19,0,0,19,86.36%,1.739447867,7,0,7,90.00%,6.3,0,0,0,0,1,0,0,1.422163548,103.99%,0,0,Category 2,1,26.92%,0,3,0,3,0,6,0,0,1,0,1,TR,CE,No,3
Central,Cleveland ,Tower,11,DTW,Detroit Tower,34,27,0,0,27,79.41%,1.255213324,5,0,5,78.95%,3.94736842,1,0,0,0.789473684,0,0,0,1.814018413,88.01%,1,6,None,0,15.63%,0,0,0,0,0,0,4,0,1,0,5,TR,GL,Yes,7
Central,Albuquerque ,Tower,9,DVT,Deer Valley Tower,19,15,0,0,15,78.95%,0.796503975,4,0,4,54.17%,2.166666668,1,0,0,0.541666667,1,0,0,0.575638051,84.91%,2,6,None,0,21.05%,0,0,0,0,0,0,2,0,2,0,4,TR,WP,No,7
Central,Houston ,Tower,6,DWH,Houston Hooks Tower,13,13,0,0,13,100.00%,0.783025325,1,0,1,100.00%,1,0,0,0,0,0,0,0,0.269292696,105.62%,0,0,Category 1,2,7.14%,0,0,0,0,0,0,1,0,0,0,1,TR,SO,No,7
Eastern,New York ,Tower and Approach Control,5,ELM,Elmira TRACAB,13,10,0,0,10,76.92%,1.369746749,6,0,6,71.43%,4.285714284,0,0,0,0,0,0,0,0.22804526,108.14%,0,0,None,0,37.50%,0,0,0,0,6,6,0,0,0,0,0,TR,EA,No,3
Central,Albuquerque ,Tower and Approach Control,7,ELP,El Paso Tower,26,17,0,0,17,65.38%,1.607665982,11,0,11,74.07%,8.148148151,0,0,0,0,0,0,0,1.408206211,91.31%,0,4,None,0,39.29%,0,1,0,2,6,9,2,0,0,0,2,TR,WP,No,3
Western,Los Angeles ,Tower,5,EMT,El Monte Tower,11,10,1,0,9,81.82%,0.535477983,1,0,1,92.31%,0.923076923,0,1,1,1.923076923,1,0,0,0.238034786,96.44%,0,1,None,0,10.00%,0,0,0,0,1,1,0,0,0,0,0,TR,WP,No,7
Central,Cleveland ,Tower,4,ERI,Erie Tower,10,9,0,0,9,90.00%,1.059080924,2,0,2,83.81%,1.67611336,0,0,0,0,0,0,0,0.873042921,98.03%,0,1,Category 2,1,18.18%,0,1,0,0,1,2,0,0,0,0,0,TR,EA,No,7
Western,Seattle,Tower and Approach Control,6,EUG,Eugene Tower,22,19,0,1,18,81.82%,1.029058553,4,0,4,88.00%,3.52,0,0,1,1,0,0,0,0.632132758,99.49%,0,1,None,0,18.18%,0,0,0,1,0,1,1,0,1,1,3,TR,NM,No,3
Central,Indianapolis,Tower and Approach Control,5,EVV,Evansville Tower,17,14,0,0,14,82.35%,1.684690851,4,0,4,60.00%,2.4,0,0,0,0,0,0,0,0.604060636,92.92%,0,3,None,0,22.22%,0,2,0,0,2,4,0,0,0,0,0,TR,GL,No,3
Eastern,New York ,Tower,11,EWR,Newark Tower,34,25,0,0,25,73.53%,1.868126854,13,0,13,60.00%,7.8,0,0,0,0,0,0,0,3.632350062,85.79%,3,9,None,0,34.21%,0,0,0,0,0,0,6,2,4,1,13,TR,EA,Yes,7
Eastern,Jacksonville ,Approach Control,11,F11,Central Florida TRACON,48,37,0,0,37,77.08%,1.169442543,11,0,11,87.80%,9.65853658,0,0,0,0,0,0,0,1.642233235,93.78%,0,4,None,0,22.92%,0,0,1,0,1,2,7,2,0,0,9,TR,SO,No,2
Western,Alaska,Tower and Approach Control,7,FAI,Fairbanks Tower,22,16,0,0,16,72.73%,1.537889899,9,0,9,56.76%,5.108108112,0,0,0,0,0,0,0,0.759336978,92.49%,0,3,None,0,36.00%,0,5,0,3,0,8,1,0,0,0,1,TR,AL,No,3
Central,Minneapolis ,Tower and Approach Control,6,FAR,Fargo Tower,17,17,0,0,17,100.00%,0.909962043,3,0,3,64.71%,1.941176472,0,0,0,0,1,0,0,0.658448079,101.66%,0,0,Category 1,3,15.00%,0,0,0,1,1,2,0,0,1,0,1,TR,GL,No,3
Western,Oakland,Tower and Approach Control,7,FAT,Fresno Tower,28,19,0,0,19,67.86%,1.676659822,11,0,11,80.65%,8.870967743,0,0,0,0,0,0,0,0.634210143,97.27%,0,1,None,0,36.67%,0,6,0,2,2,10,1,0,0,0,1,TR,WP,No,3
Eastern,Washington ,Tower and Approach Control,6,FAY,Fayetteville Tower,22,13,0,0,13,59.09%,2.241655594,10,0,10,65.38%,6.53846154,0,1,0,0.653846154,0,0,0,1.144649223,86.58%,2,5,None,0,43.48%,0,4,0,5,0,9,1,0,0,0,1,TR,SO,No,3
Central,Minneapolis ,Tower,5,FCM,Flying Cloud Tower,11,13,0,1,12,109.09%,0.880849708,1,0,1,83.04%,0.830357143,0,0,0,0,3,0,0,0.243865966,87.15%,1,2,Category 2,1,7.69%,0,1,0,0,0,1,0,0,0,0,0,TR,GL,No,7
Central,Albuquerque ,Tower,8,FFZ,Falcon Tower,13,11,0,0,11,84.62%,0.378507871,3,0,3,100.00%,3,0,0,0,0,0,0,0,0.472603489,104.06%,0,0,None,0,21.43%,0,0,0,2,0,2,1,0,0,0,1,TR,WP,No,7
Eastern,Miami ,Tower,8,FLL,Fort Lauderdale Tower,26,24,0,0,24,92.31%,0.667180014,2,0,2,80.00%,1.6,0,0,0,0,1,1,0,0.797271998,87.70%,1,4,Category 2,1,7.69%,0,0,0,0,0,0,1,0,1,0,2,TR,SO,Yes,7
Eastern,Jacksonville ,Tower and Approach Control,5,FLO,Florence Tower,13,10,0,0,10,76.92%,2.371663244,5,0,5,92.31%,4.615384615,0,0,0,0,1,0,0,1.770807667,91.11%,0,2,None,0,33.33%,0,1,0,0,4,5,0,0,0,0,0,TR,SO,No,3
Central,Cleveland ,Tower,4,FNT,Flint Tower,9,10,0,0,10,111.11%,1.059080924,1,0,1,83.81%,0.83805668,0,0,0,0,1,0,0,1.318690462,94.66%,0,1,Category 1,1,9.09%,0,1,0,0,0,1,0,0,0,0,0,TR,GL,No,7
Eastern,Miami ,Tower,7,FPR,St. Lucie Tower,11,11,0,0,11,100.00%,0.514852841,1,0,1,90.91%,0.909090909,0,0,0,0,0,0,0,0.131380843,107.07%,0,0,Category 1,2,8.33%,0,0,0,0,0,0,0,0,0,1,1,TR,SO,No,7
Eastern,New York ,Tower,7,FRG,Farmingdale Tower,13,12,0,0,12,92.31%,1.851471595,4,0,4,80.00%,3.2,0,0,0,0,1,0,0,0.340173383,106.61%,0,0,Category 1,1,25.00%,0,0,1,0,1,2,1,0,0,1,2,TR,EA,No,7
Central,Minneapolis ,Tower and Approach Control,6,FSD,Sioux Falls Tower,17,14,0,0,14,82.35%,1.247912389,4,0,4,93.75%,3.75,0,1,0,0.9375,0,0,0,1.198179909,102.88%,0,0,None,0,22.22%,0,1,0,3,0,4,0,0,0,0,0,TR,GL,No,3
Eastern,Memphis ,Tower and Approach Control,7,FSM,Fort Smith Tower,30,26,0,0,26,86.67%,1.555646817,11,1,10,80.00%,8,0,0,0,0,3,0,0,1.839622833,97.20%,0,2,Category 2,1,27.78%,0,5,0,6,0,11,0,0,0,0,0,TR,SO,No,3
Central,Fort Worth,Tower,6,FTW,Meacham Tower,15,16,0,0,16,106.67%,0.796106168,4,0,4,85.71%,3.428571428,0,0,0,0,1,2,0,0.271087102,107.72%,0,0,Category 1,4,20.00%,0,1,0,0,0,1,0,0,0,3,3,TR,SW,No,7
Central,Chicago ,Tower and Approach Control,5,FWA,Fort Wayne Tower,22,18,0,0,18,81.82%,1.490635306,8,0,8,73.33%,5.866666664,0,0,0,0,0,0,0,1.205659555,103.00%,0,0,None,0,30.77%,0,3,0,0,5,8,0,0,0,0,0,TR,GL,No,3
Eastern,Miami ,Tower,7,FXE,Fort Lauderdale Executive Tower,15,12,0,0,12,80.00%,1.265400411,5,0,5,88.89%,4.444444445,0,0,0,0,0,0,0,0.849616363,103.97%,0,0,None,0,29.41%,0,2,0,0,2,4,1,0,0,0,1,TR,SO,No,7
Western,Los Angeles ,Tower,5,GCN,Grand Canyon Tower,9,8,0,0,8,88.89%,0.489066609,2,0,2,100.00%,2,0,0,0,0,2,0,0,0.123150628,87.52%,1,2,Category 2,1,20.00%,0,2,0,0,0,2,0,0,0,0,0,TR,WP,No,7
Western,Seattle,Tower and Approach Control,7,GEG,Spokane Tower,28,24,0,0,24,85.71%,1.771997871,6,0,6,72.00%,4.32,0,1,0,0.72,0,0,0,4.16084318,88.85%,1,5,Category 2,1,20.00%,0,3,0,0,0,3,0,0,3,0,3,TR,NM,No,3
Central,Minneapolis ,Tower,9,GFK,Grand Forks Tower,22,22,0,0,22,100.00%,0.826186738,0,0,0,77.27%,0,0,0,0,0,0,0,0,0.472430262,97.85%,0,1,Category 1,3,0.00%,0,0,0,0,0,0,0,0,0,0,0,TR,GL,No,7
Central,Fort Worth,Tower and Approach Control,6,GGG,Longview Tower,22,17,0,0,17,77.27%,2.194913916,6,0,6,59.09%,3.545454546,0,0,0,0,1,0,0,0.579297895,86.21%,2,6,None,0,26.09%,0,2,0,4,0,6,0,0,0,0,0,TR,SW,No,3
Central,Houston ,Tower and Approach Control,7,GPT,Gulfport Tower,17,14,0,0,14,82.35%,1.907186858,6,0,6,83.33%,4.999999998,0,0,0,0,2,0,0,0.75222154,95.58%,0,1,None,0,30.00%,0,3,0,2,1,6,0,0,0,0,0,TR,SO,No,3
Central,Minneapolis ,Tower and Approach Control,6,GRB,Green Bay Tower,20,19,0,0,19,95.00%,1.025405645,1,0,1,100.00%,1,0,0,0,0,0,0,0,0.998604256,95.01%,0,1,Category 1,2,5.00%,0,1,0,0,0,1,0,0,0,0,0,TR,GL,No,3
Central,Chicago ,Tower,5,GRR,Grand Rapids Tower,11,12,0,0,12,109.09%,0.880849708,2,0,2,83.04%,1.660714286,0,0,0,0,0,0,0,0.962695912,115.44%,0,0,Category 1,3,14.29%,0,1,0,0,1,2,0,0,0,0,0,TR,GL,No,7
Eastern,Atlanta ,Tower and Approach Control,7,GSO,Greensboro Tower,26,23,0,0,23,88.46%,1.772119553,4,0,4,60.00%,2.4,0,0,0,0,2,1,0,1.562862568,80.14%,5,9,None,0,14.81%,0,2,0,0,0,2,2,0,0,0,2,TR,SO,No,3
Eastern,Atlanta ,Tower and Approach Control,7,GSP,Greer Tower,22,18,0,0,18,81.82%,1.860978021,7,0,7,94.74%,6.631578947,2,0,0,1.894736842,2,1,0,4.813232858,85.06%,2,4,None,0,28.00%,0,2,0,2,0,4,3,0,0,0,3,TR,SO,No,3
Western,Salt Lake,Tower and Approach Control,5,GTF,Great Falls Tower,17,12,0,0,12,70.59%,1.97522245,5,0,5,68.97%,3.44827586,0,0,0,0,0,0,0,0.963410815,85.21%,2,4,None,0,29.41%,0,3,0,0,2,5,0,0,0,0,0,TR,NM,No,3
Western,Hawaii/Guam,Combined Control Facilities,11,HCF,Honolulu Control Facility,83,72,0,0,72,86.75%,2.799866291,22,0,22,72.88%,16.0338983,0,0,0,0,2,0,0,13.91374174,86.89%,4,15,Category 2,2,23.40%,0,0,1,2,1,4,10,2,3,3,18,ER,WP,Yes,6
Eastern,Washington ,Tower,5,HEF,Manassas Tower,11,9,0,0,9,81.82%,0.693654053,4,0,4,100.00%,4,0,0,0,0,1,0,0,0.52717573,104.30%,0,0,None,0,30.77%,0,2,0,0,1,3,1,0,0,0,1,TR,EA,No,7
Western,Seattle,Tower,7,HIO,Hillsboro Tower,17,13,0,1,12,70.59%,0.786310746,5,0,5,71.43%,3.57142857,0,0,1,1,0,0,0,0.437487724,94.91%,0,2,None,0,29.41%,0,4,0,0,0,4,1,0,0,0,1,TR,NM,No,7
Western,Salt Lake,Tower and Approach Control,5,HLN,Helena Tower,10,8,0,0,8,80.00%,1.680146098,2,0,2,69.69%,1.393791844,0,0,0,0,0,0,0,0.320352746,90.73%,0,2,None,0,20.00%,0,2,0,0,0,2,0,0,0,0,0,TR,NM,No,4
Central,Houston ,Tower,8,HOU,Hobby Tower,20,18,0,0,18,90.00%,0.950455431,4,0,4,100.00%,4,0,0,0,0,2,0,0,1.295460142,93.52%,0,2,Category 2,1,18.18%,0,1,0,0,0,1,2,0,1,0,3,TR,SW,No,7
Eastern,New York ,Tower,7,HPN,Westchester Tower,15,12,0,0,12,80.00%,1.157354686,7,0,7,78.02%,5.461669507,0,0,0,0,1,0,0,0.661351327,105.34%,0,0,None,0,36.84%,0,2,0,4,1,7,0,0,0,0,0,TR,EA,No,7
Eastern,Memphis ,Tower and Approach Control,7,HSV,Huntsville Tower,17,15,0,0,15,88.24%,2.043349304,6,0,6,75.00%,4.5,0,0,0,0,2,0,0,0.389066854,100.65%,0,0,Category 2,1,28.57%,0,4,0,1,1,6,0,0,0,0,0,TR,SO,No,3
Central,Indianapolis,Tower and Approach Control,5,HTS,Huntington Tower,20,16,0,0,16,80.00%,1.360423646,5,0,5,95.00%,4.75,0,0,0,0,2,0,0,0.933931877,89.08%,1,3,None,0,23.81%,0,2,0,0,2,4,0,0,0,1,1,TR,EA,No,3
Central,Indianapolis,Tower and Approach Control,5,HUF,Terre Haute Tower,17,14,0,0,14,82.35%,1.997433265,5,0,5,76.19%,3.80952381,0,0,0,0,0,0,0,0.579273822,101.35%,0,0,None,0,26.32%,0,0,0,0,4,4,1,0,0,0,1,TR,GL,No,3
Western,Oakland,Tower,6,HWD,Hayward Tower,11,11,0,0,11,100.00%,1.358734505,1,0,1,94.74%,0.947368421,0,0,0,0,1,1,0,0.277396157,87.91%,1,2,Category 2,1,8.33%,0,1,0,0,0,1,0,0,0,0,0,TR,WP,No,7
Central,Houston ,Approach Control,12,I90,Houston TRACON,93,82,5,1,76,81.72%,1.313495136,16,0,16,84.72%,13.55555555,4,0,5,8.388888888,7,1,0,8.59663305,87.47%,4,14,None,0,17.39%,0,0,0,0,0,0,9,0,5,2,16,TR,SW,No,2
Eastern,Washington ,Tower,9,IAD,Dulles Tower,30,27,0,1,26,86.67%,1.384553958,6,0,6,92.31%,5.538461538,1,0,0,0.923076923,2,0,0,2.818462511,92.14%,0,3,Category 2,1,18.75%,0,0,0,1,0,1,4,0,1,0,5,TR,EA,Yes,7
Central,Houston ,Tower,11,IAH,Houston Intercontinental Tower,34,28,1,0,27,79.41%,0.772731006,4,0,4,92.59%,3.703703704,1,0,0,0.925925926,0,0,0,3.133606869,83.81%,3,6,None,0,12.90%,0,0,0,0,0,0,4,0,0,0,4,TR,SW,Yes,7
Central,Kansas City ,Tower and Approach Control,8,ICT,Wichita Tower,30,24,0,0,24,80.00%,2.964636094,9,0,9,75.00%,6.75,0,0,0,0,0,0,0,4.600938949,87.16%,2,6,None,0,27.27%,0,1,0,3,1,5,4,0,0,0,4,TR,CE,No,3
Eastern,New York ,Tower,4,ILG,Wilmington Tower,11,12,0,0,12,109.09%,0.56076162,0,0,0,91.67%,0,0,0,0,0,1,0,0,0.254327286,97.69%,0,1,Category 1,2,0.00%,0,0,0,0,0,0,0,0,0,0,0,TR,EA,No,7
Eastern,Washington ,Tower and Approach Control,7,ILM,Wilmington Tower,21,16,0,0,16,76.19%,1.190100508,7,0,7,79.17%,5.541666669,0,0,0,0,1,0,0,0.789143611,94.06%,0,2,None,0,30.43%,0,4,0,0,1,5,1,0,0,1,2,TR,SO,No,3
Central,Indianapolis,Tower and Approach Control,8,IND,Indianapolis Tower,42,30,0,0,30,71.43%,1.936669188,18,0,18,76.00%,13.68,0,0,0,0,0,0,0,3.572309298,95.49%,0,3,None,0,37.50%,0,1,0,4,2,7,7,0,3,1,11,TR,GL,No,3
Eastern,New York ,Tower,6,ISP,Islip Tower,17,15,1,0,14,82.35%,2.117727584,7,0,7,76.92%,5.384615383,0,0,1,1,0,1,0,3.273479368,94.77%,0,2,None,0,33.33%,0,0,0,0,3,3,1,0,0,3,4,TR,EA,No,7
Western,Hawaii/Guam,Tower and Approach Control,6,ITO,Hilo TRACAB,13,11,0,0,11,84.62%,1.495862112,3,0,3,84.62%,2.538461538,0,0,0,0,0,0,0,0.739356444,98.45%,0,1,None,0,21.43%,0,1,0,0,1,2,1,0,0,0,1,TR,WP,No,3
Eastern,Memphis ,Tower and Approach Control,6,JAN,Jackson Tower,17,14,0,0,14,82.35%,1.857105249,6,0,6,68.42%,4.105263156,0,0,0,0,0,0,0,1.755396648,96.18%,0,1,None,0,30.00%,0,3,0,1,2,6,0,0,0,0,0,TR,SO,No,3
Eastern,Jacksonville ,Tower and Approach Control,9,JAX,Jacksonville Tower,47,34,0,0,34,72.34%,1.941541816,22,0,22,49.09%,10.8,0,0,0,0,0,0,0,2.468975286,90.07%,1,10,None,0,39.29%,0,0,8,3,1,12,8,1,0,1,10,TR,SO,No,3
Western,Los Angeles ,Combined Control Facilities,8,JCF,Joshua TRACON,24,19,2,0,17,70.83%,1.555836361,7,0,7,83.87%,5.870967739,0,0,1,1,1,0,0,1.811269447,87.75%,1,4,None,0,29.17%,0,0,2,0,3,5,2,0,0,0,2,TR,WP,No,6
Eastern,New York ,Tower,11,JFK,Kennedy Tower,34,26,0,0,26,76.47%,2.390890424,10,0,10,57.89%,5.78947368,1,0,0,0.578947368,0,0,0,3.045777412,86.24%,3,9,None,0,27.78%,0,0,0,0,0,0,8,2,0,0,10,TR,EA,Yes,7
Western,Alaska,Tower,5,JNU,Juneau Tower,13,10,0,0,10,76.92%,0.673511294,3,0,3,94.74%,2.842105263,0,1,0,0.947368421,0,0,0,0.144315382,104.96%,0,0,None,0,23.08%,0,1,0,0,2,3,0,0,0,0,0,TR,AL,No,7
Western,Los Angeles ,Approach Control,11,L30,Las Vegas TRACON,39,31,0,0,31,79.49%,1.839174868,6,0,6,90.63%,5.4375,0,0,0,0,2,0,0,3.053054171,80.47%,5,9,None,0,16.22%,0,0,0,0,0,0,4,0,1,1,6,TR,WP,No,2
Central,Chicago ,Tower,5,LAF,Lafayette Tower,9,9,0,0,9,100.00%,0.880849708,3,1,2,83.04%,1.660714286,0,0,0,0,2,0,0,0.332949097,92.53%,0,1,Category 1,1,18.18%,0,1,0,0,2,3,0,0,0,0,0,TR,GL,No,7
Central,Cleveland ,Tower,4,LAN,Lansing Tower,13,12,0,0,12,92.31%,1.059080924,2,0,2,83.81%,1.67611336,0,0,0,0,1,0,0,0.931781232,90.34%,0,2,Category 1,1,14.29%,0,2,0,0,0,2,0,0,0,0,0,TR,GL,No,7
Western,Los Angeles ,Tower,11,LAS,Las Vegas Tower,36,28,0,0,28,77.78%,0.799830064,6,0,6,76.32%,4.57894737,2,0,0,1.52631579,1,0,0,1.262755908,88.45%,1,6,None,0,17.65%,0,0,0,0,0,0,2,2,2,0,6,TR,WP,Yes,7
Western,Los Angeles ,Tower,12,LAX,Los Angeles Tower,49,41,0,0,41,83.67%,1.547570157,15,0,15,52.83%,7.924528305,0,0,0,0,1,0,0,3.21186929,91.25%,0,9,None,0,26.79%,0,0,0,0,0,0,0,5,7,3,15,TR,WP,Yes,7
Central,Fort Worth,Tower and Approach Control,7,LBB,Lubbock Tower,17,14,0,0,14,82.35%,1.40639072,3,0,3,79.17%,2.375000001,0,0,0,0,1,0,0,0.514239436,87.42%,1,3,None,0,17.65%,0,2,0,0,1,3,0,0,0,0,0,TR,SW,No,3
Central,Houston ,Tower and Approach Control,5,LCH,Lake Charles Tower,17,13,0,1,12,70.59%,1.939310974,8,0,8,75.00%,6,0,0,1,1,0,0,0,1.318629576,104.01%,0,0,None,0,40.00%,0,2,0,0,6,8,0,0,0,0,0,TR,SW,No,3
Central,Indianapolis,Tower and Approach Control,7,LEX,Lexington Tower,24,18,0,0,18,75.00%,1.406646893,10,0,10,90.00%,9,0,0,0,0,1,0,0,1.392688023,102.53%,0,0,None,0,35.71%,0,5,0,4,0,9,1,0,0,0,1,TR,SO,No,3
Central,Houston ,Tower and Approach Control,5,LFT,Lafayette Tower,22,16,0,0,16,72.73%,1.726939646,7,0,7,89.47%,6.263157894,0,0,0,0,0,0,0,1.326049565,95.17%,0,2,None,0,30.43%,0,3,0,0,3,6,0,0,0,1,1,TR,SW,No,3
Eastern,New York ,Tower,11,LGA,La Guardia Tower,34,29,0,0,29,85.29%,1.464685497,8,0,8,71.62%,5.729323312,2,1,0,2.148496242,0,0,0,4.2792831,95.88%,0,2,Category 2,1,21.62%,0,0,0,0,0,0,5,1,2,0,8,TR,EA,Yes,7
Western,Los Angeles ,Tower,8,LGB,Long Beach Tower,22,20,0,0,20,90.91%,0.953319644,1,0,1,93.75%,0.9375,0,0,0,0,0,0,0,0.499565145,92.90%,0,2,Category 1,2,4.76%,0,0,0,0,0,0,0,0,1,0,1,TR,WP,No,7
Eastern,Memphis ,Tower and Approach Control,7,LIT,Little Rock Tower,28,23,0,0,23,82.14%,1.527398639,7,0,7,80.95%,5.66666667,2,0,1,2.61904762,3,0,1,1.716227862,91.32%,0,4,None,0,23.33%,0,2,0,2,2,6,0,0,0,1,1,TR,SW,No,3
Central,Minneapolis ,Tower,5,LNK,Lincoln Tower,14,11,0,0,11,78.57%,0.880849708,6,0,6,83.04%,4.982142858,0,0,0,0,0,0,0,0.614169268,109.77%,0,0,None,0,35.29%,0,2,0,2,2,6,0,0,0,0,0,TR,CE,No,7
Central,Indianapolis,Tower,5,LOU,Louisville Bowman Tower,11,10,0,1,9,81.82%,0.652521104,2,0,2,93.75%,1.875,0,0,0,0,0,0,0,0.262207112,96.48%,0,1,None,0,18.18%,0,1,0,0,1,2,0,0,0,0,0,TR,SO,No,7
Western,Oakland,Tower,6,LVK,Livermore Tower,11,9,0,0,9,81.82%,0.714187934,2,0,2,87.50%,1.75,0,0,0,0,0,0,0,0.35756077,94.48%,0,1,None,0,18.18%,0,1,0,0,1,2,0,0,0,0,0,TR,WP,No,7
Eastern,Memphis ,Approach Control,9,M03,Memphis TRACON,28,20,0,0,20,71.43%,1.06883314,5,0,5,100.00%,5,2,0,0,2,2,0,0,1.359646706,84.43%,2,5,None,0,20.00%,0,4,0,0,0,4,1,0,0,0,1,TR,SO,No,2
Central,Minneapolis ,Approach Control,10,M98,Minneapolis TRACON,55,45,0,0,45,81.82%,1.94017796,16,0,16,74.07%,11.85185186,1,0,0,0.740740741,0,0,0,8.054748551,90.07%,1,8,None,0,26.23%,0,1,0,1,0,2,5,5,4,0,14,TR,GL,No,2
Central,Fort Worth,Tower and Approach Control,7,MAF,Midland Tower,22,10,0,0,10,45.45%,2.124733261,13,0,13,85.00%,11.05,0,0,0,0,0,0,0,2.113025618,86.08%,2,4,None,0,56.52%,0,3,0,3,7,13,0,0,0,0,0,TR,SW,No,3
Central,Cleveland ,Tower,4,MBS,Saginaw Tower,9,12,0,1,11,122.22%,1.059080924,0,0,0,83.81%,0,0,0,0,0,2,1,0,0.321605933,85.32%,1,2,Category 2,1,0.00%,0,0,0,0,0,0,0,0,0,0,0,TR,GL,No,7
Central,Kansas City ,Tower and Approach Control,8,MCI,Kansas City International Tower,39,34,1,0,33,84.62%,1.282835197,5,0,5,90.00%,4.5,2,0,1,2.8,0,0,0,2.784373451,96.19%,0,2,None,0,13.16%,0,0,0,1,0,1,3,0,1,0,4,TR,CE,No,3
Eastern,Jacksonville ,Tower,9,MCO,Orlando Tower,22,22,0,0,22,100.00%,0.546201232,0,0,0,86.67%,0,0,0,0,0,1,0,0,0.542637427,92.99%,0,2,Category 1,2,0.00%,0,0,0,0,0,0,0,0,0,0,0,TR,SO,Yes,7
Eastern,New York ,Tower and Approach Control,7,MDT,Harrisburg International Tower,26,19,0,0,19,73.08%,1.734500522,12,0,12,79.17%,9.500000004,0,0,0,0,0,0,0,1.056506217,105.55%,0,0,None,0,38.71%,0,6,0,6,0,12,0,0,0,0,0,TR,EA,No,3
Central,Chicago ,Tower,8,MDW,Midway Tower,22,18,0,0,18,81.82%,1.197961822,3,0,3,85.71%,2.571428571,1,0,0,0.857142857,1,0,0,0.517068614,90.51%,0,3,None,0,14.29%,0,0,0,1,0,1,0,0,1,1,2,TR,GL,Yes,7
Eastern,Memphis ,Tower,8,MEM,Memphis Tower,28,23,1,0,22,78.57%,1.209265463,2,0,2,86.36%,1.727272728,2,0,1,2.727272728,0,0,0,1.836660848,87.92%,1,4,None,0,8.33%,0,0,0,1,0,1,1,0,0,0,1,TR,SO,Yes,7
Central,Cleveland ,Tower,5,MFD,Mansfield Tower,10,10,0,0,10,100.00%,0.880849708,0,0,0,83.04%,0,0,0,0,0,0,1,0,0.333055053,86.67%,1,2,Category 2,1,0.00%,0,0,0,0,0,0,0,0,0,0,0,TR,GL,No,7
Eastern,Atlanta ,Tower and Approach Control,7,MGM,Montgomery Tower,21,14,0,0,14,66.67%,1.47467488,8,0,8,80.00%,6.4,0,0,0,0,0,0,0,1.164150219,91.60%,0,3,None,0,36.36%,0,4,0,1,0,5,2,0,1,0,3,TR,SO,No,3
Eastern,Boston ,Tower,4,MHT,Manchester Tower,15,15,0,0,15,100.00%,0.301528633,1,0,1,100.00%,1,0,0,0,0,0,0,0,0.105108308,105.97%,0,0,Category 1,3,6.25%,0,1,0,0,0,1,0,0,0,0,0,TR,NE,No,7
Eastern,Miami ,Tower and Approach Control,12,MIA,Miami Tower,91,69,2,1,66,72.53%,2.264264825,30,0,30,64.71%,19.41176472,5,0,2,5.23529412,0,0,0,10.95670081,87.57%,4,18,None,0,31.25%,0,0,0,0,0,0,16,7,5,2,30,TR,SO,Yes,3
Central,Minneapolis ,Tower,4,MIC,Crystal Tower,11,11,0,0,11,100.00%,1.059080924,2,0,2,83.81%,1.67611336,0,0,0,0,1,0,0,0.642070094,100.31%,0,0,Category 1,2,15.38%,0,1,0,0,1,2,0,0,0,0,0,TR,GL,No,7
Central,Kansas City ,Tower,5,MKC,Kansas City Downtown Tower,15,10,1,0,9,60.00%,0.467488022,3,0,3,80.00%,2.4,0,0,1,1,0,0,0,0.13317586,81.78%,2,4,None,0,25.00%,0,2,0,0,0,2,1,0,0,0,1,TR,CE,No,7
Central,Chicago ,Tower and Approach Control,8,MKE,Milwaukee Tower,39,33,2,0,31,79.49%,2.246954141,9,0,9,80.00%,7.2,0,0,2,2,1,0,0,4.911080807,87.92%,2,6,None,0,22.50%,0,0,0,2,0,2,0,0,6,1,7,TR,GL,No,3
Central,Chicago ,Tower,4,MKG,Muskegon Tower,9,7,0,0,7,77.78%,1.059080924,3,0,3,83.81%,2.51417004,0,0,0,0,0,0,0,0.371356247,101.59%,0,0,None,0,30.00%,0,2,1,0,0,3,0,0,0,0,0,TR,GL,No,7
Central,Chicago ,Tower and Approach Control,5,MLI,Moline Quad City Tower,20,15,0,0,15,75.00%,1.921971253,6,0,6,75.00%,4.5,0,0,0,0,0,0,0,0.687462056,94.06%,0,2,None,0,28.57%,0,0,0,0,5,5,1,0,0,0,1,TR,GL,No,3
Central,Fort Worth,Tower and Approach Control,5,MLU,Monroe Tower,15,9,0,0,9,60.00%,1.647033395,5,0,5,95.00%,4.75,1,0,0,0.95,1,0,0,0.34199685,89.05%,1,2,None,0,35.71%,0,3,0,0,2,5,0,0,0,0,0,TR,SW,No,3
Eastern,New York ,Tower,5,MMU,Morristown Tower,11,10,0,0,10,90.91%,1.071246344,2,0,2,78.57%,1.571428572,0,0,0,0,1,0,0,0.43399291,92.16%,0,2,Category 1,1,16.67%,0,2,0,0,0,2,0,0,0,0,0,TR,EA,No,7
Central,Houston ,Tower and Approach Control,8,MOB,Mobile Tower,22,21,0,0,21,95.45%,1.380561259,2,0,2,80.00%,1.6,2,0,0,1.6,2,0,0,2.591747073,89.13%,1,3,Category 2,1,8.70%,0,0,0,0,0,0,1,0,1,0,2,TR,SO,No,3
Western,Alaska,Tower,6,MRI,Merrill Tower,11,12,0,0,12,109.09%,0.578370979,0,0,0,100.00%,0,0,0,0,0,0,0,0,0.189866718,107.36%,0,0,Category 1,3,0.00%,0,0,0,0,0,0,0,0,0,0,0,TR,AL,No,7
Western,Oakland,Tower,5,MRY,Monterey Tower,9,6,0,0,6,66.67%,0.612496333,3,0,3,100.00%,3,0,0,0,0,0,0,0,0.387086531,95.70%,0,1,None,0,33.33%,0,1,0,0,1,2,1,0,0,0,1,TR,WP,No,7
Central,Chicago ,Tower and Approach Control,7,MSN,Madison Tower,20,18,0,0,18,90.00%,1.762981921,4,0,4,65.13%,2.60513896,0,0,0,0,0,0,0,2.071517862,92.67%,0,3,Category 2,1,18.18%,0,0,0,0,3,3,0,0,0,1,1,TR,GL,No,3
Central,Minneapolis ,Tower,11,MSP,Minneapolis Tower,36,30,0,0,30,83.33%,1.11318524,5,0,5,100.00%,5,0,0,0,0,0,0,0,2.644117006,89.88%,1,4,None,0,14.29%,0,0,0,0,0,0,1,1,2,1,5,TR,GL,Yes,7
Central,Houston ,Tower and Approach Control,9,MSY,Moiusantt Tower,36,27,0,1,26,72.22%,1.10652401,9,0,9,86.36%,7.772727276,0,0,1,1,0,0,0,2.121017156,90.70%,0,4,None,0,25.71%,0,1,0,2,0,3,1,0,5,0,6,TR,SW,No,3
Western,Seattle,Tower and Approach Control,6,MWH,Grant County Tower,15,11,0,0,11,73.33%,1.723062108,7,0,7,68.63%,4.803843982,0,0,0,0,0,0,0,0.778223405,100.17%,0,0,None,0,38.89%,0,1,0,5,0,6,1,0,0,0,1,TR,NM,No,3
Western,Los Angeles ,Tower,7,MYF,Montgomery Tower,13,12,2,1,9,69.23%,0.890714123,4,0,4,75.00%,3,0,0,3,3,0,0,0,0.384519924,112.43%,0,0,None,0,30.77%,0,0,0,0,2,2,2,0,0,0,2,TR,WP,No,7
Eastern,Jacksonville ,Tower and Approach Control,8,MYR,Myrtle Beach Tower,22,19,0,0,19,86.36%,1.556841516,5,0,5,73.33%,3.666666665,0,0,0,0,0,0,0,1.556024826,95.96%,0,2,Category 2,1,20.83%,0,0,0,1,2,3,1,0,1,0,2,TR,SO,No,3
Eastern,New York ,Approach Control,12,N90,New York TRACON,226,125,1,0,124,54.87%,2.053739097,103,0,103,36.45%,37.54205604,0,0,1,1,0,0,0,32.95517602,57.34%,205,265,None,0,45.37%,0,70,1,5,0,76,20,5,2,0,27,TR,EA,No,9
Western,Oakland,Approach Control,12,NCT,Northern California TRACON,161,118,0,0,118,73.29%,1.626119914,36,0,36,74.44%,26.79999998,8,0,0,5.955555552,1,0,0,13.18567511,84.83%,12,33,None,0,23.38%,0,0,0,1,0,1,26,4,4,1,35,TR,WP,No,2
Central,Houston ,Tower,5,NEW,Lakefront Tower,11,9,0,2,7,63.64%,0.509514031,4,0,4,90.91%,3.636363636,0,0,0,0,0,0,0,0.192950638,94.94%,0,1,None,0,36.36%,0,2,0,0,2,4,0,0,0,0,0,TR,SW,No,7
Western,Oakland,Tower,8,OAK,Oakland Tower,24,18,0,0,18,75.00%,1.155373032,5,0,5,84.62%,4.23076923,0,0,0,0,0,0,0,0.953183773,88.66%,1,4,None,0,21.74%,0,0,0,0,0,0,3,0,2,0,5,TR,WP,No,7
Western,Hawaii/Guam,Tower,7,OGG,Kahului Tower,13,12,0,0,12,92.31%,2.079739904,2,0,2,53.33%,1.066666666,2,0,0,1.066666666,1,0,0,0.551082223,96.79%,0,1,Category 1,1,14.29%,0,1,0,0,1,2,0,0,0,0,0,TR,WP,No,7
Central,Fort Worth,Tower and Approach Control,8,OKC,Oklahoma City Tower,30,19,0,0,19,63.33%,1.82158339,15,0,15,75.00%,11.25,0,0,0,0,1,0,0,3.132236932,87.06%,2,6,None,0,44.12%,0,0,0,7,2,9,1,0,5,0,6,TR,SW,No,3
Central,Minneapolis ,Tower,6,OMA,Omaha Tower,15,12,0,0,12,80.00%,1.032169747,4,0,4,92.86%,3.714285716,0,0,0,0,0,0,0,0.244228047,103.13%,0,0,None,0,25.00%,0,2,0,0,2,4,0,0,0,0,0,TR,CE,No,7
Western,Los Angeles ,Tower,5,ONT,Ontario Tower,18,12,1,0,11,61.11%,0.901026694,6,0,6,71.43%,4.285714284,0,0,1,1,0,0,0,0.682344583,86.69%,1,4,None,0,35.29%,0,4,0,0,1,5,1,0,0,0,1,TR,WP,No,7
Central,Chicago ,Tower,12,ORD,Chicago O'Hare Tower,68,50,0,0,50,73.53%,1.811349043,20,0,20,70.00%,14,2,0,0,1.4,0,0,0,6.662055268,86.38%,4,14,None,0,28.57%,0,0,0,0,1,1,9,3,1,6,19,TR,GL,Yes,7
Eastern,Washington ,Tower and Approach Control,8,ORF,Norfolk Tower,28,24,0,0,24,85.71%,2.152946301,7,0,7,61.11%,4.277777777,0,0,0,0,2,0,0,3.339715945,81.92%,4,9,None,0,22.58%,0,0,0,4,1,5,0,0,2,0,2,TR,EA,No,3
Eastern,Jacksonville ,Tower,6,ORL,Orlando Executive Tower,11,12,1,0,11,100.00%,0.531143053,1,0,1,94.74%,0.947368421,0,0,1,1,0,0,0,0.190237337,115.97%,0,0,Category 1,2,8.33%,0,0,0,0,0,0,1,0,0,0,1,TR,SO,No,7
Eastern,Jacksonville ,Approach Control,9,P31,Pensacola TRACON,36,33,0,0,33,91.67%,1.455304586,4,0,4,86.96%,3.478260868,1,0,0,0.869565217,0,0,0,2.118232036,97.86%,0,1,Category 1,3,10.81%,0,0,0,1,0,1,2,0,1,0,3,TR,SO,No,2
Central,Albuquerque ,Approach Control,11,P50,Phoenix TRACON,60,50,1,0,49,81.67%,1.167122975,12,0,12,88.89%,10.66666667,0,0,1,1,1,0,0,3.41832529,93.75%,0,5,None,0,19.67%,0,1,1,2,0,4,6,1,1,0,8,TR,WP,No,2
Western,Seattle,Approach Control,9,P80,Portland TRACON,26,23,0,0,23,88.46%,1.453981291,4,0,4,60.00%,2.4,0,0,0,0,0,0,0,1.7239245,91.06%,0,4,Category 2,1,14.81%,0,0,0,0,0,0,3,0,1,0,4,TR,NM,No,2
Western,Seattle,Tower,6,PAE,Paine Tower,11,11,0,0,11,100.00%,0.906913073,2,0,2,92.31%,1.846153846,0,0,0,0,0,0,0,0.142807052,115.48%,0,0,Category 1,2,15.38%,0,0,0,0,1,1,0,0,0,1,1,TR,NM,No,7
Western,Oakland,Tower,6,PAO,Palo Alto Tower,11,8,0,0,8,72.73%,1.003341788,3,0,3,73.91%,2.217391305,0,0,0,0,0,0,0,0.153010652,91.49%,0,2,None,0,27.27%,0,0,0,0,3,3,0,0,0,0,0,TR,WP,No,7
Eastern,Miami ,Tower and Approach Control,9,PBI,West Palm Beach Tower,54,38,1,0,37,68.52%,2.031576546,26,0,26,75.00%,19.5,0,0,1,1,0,0,0,4.593747701,97.97%,0,2,None,0,41.27%,0,0,4,1,0,5,5,14,2,0,21,TR,SO,No,3
Eastern,Washington ,Approach Control,12,PCT,Potomac TRACON,174,147,2,2,143,82.18%,1.634830804,21,0,21,90.11%,18.92307692,8,2,6,15.01098901,0,0,2,12.56787032,93.31%,0,13,None,0,12.80%,0,0,0,0,0,0,15,2,1,3,21,TR,EA,No,2
Eastern,Atlanta ,Tower,7,PDK,DeKalb-Peachtree Tower,15,13,0,0,13,86.67%,1.068788501,3,0,3,88.89%,2.666666667,0,0,0,0,1,0,0,1.344102921,88.82%,1,2,Category 2,1,18.75%,0,2,0,0,1,3,0,0,0,0,0,TR,SO,No,7
Western,Seattle,Tower,8,PDX,Portland Tower,26,25,0,0,25,96.15%,1.047630551,4,0,4,80.95%,3.23809524,0,0,0,0,0,0,0,1.52127152,102.76%,0,0,Category 1,3,13.79%,0,0,0,0,1,1,2,0,0,1,3,TR,NM,No,7
Eastern,Washington ,Tower,5,PHF,Patrick Henry Tower,11,9,0,1,8,72.73%,0.46699912,4,0,4,100.00%,4,0,0,0,0,0,0,0,0.232427565,106.98%,0,0,None,0,33.33%,0,1,0,0,2,3,1,0,0,0,1,TR,EA,No,7
Eastern,New York ,Tower and Approach Control,11,PHL,Philadelphia Tower,72,59,0,0,59,81.94%,2.094455852,18,0,18,75.86%,13.65517242,0,0,0,0,0,0,0,9.064571694,88.32%,2,12,None,0,23.38%,0,0,0,1,1,2,10,4,2,0,16,TR,EA,Yes,3
Central,Albuquerque ,Tower,10,PHX,Phoenix Tower,28,28,1,0,27,96.43%,0.684179471,2,0,2,96.67%,1.933333334,0,0,1,1,0,0,0,1.253303987,102.43%,0,0,Category 1,4,6.90%,0,0,0,0,0,0,2,0,0,0,2,TR,WP,Yes,7
Central,Chicago ,Tower and Approach Control,5,PIA,Peoria Tower,22,14,0,0,14,63.64%,2.283519659,10,0,10,78.26%,7.82608696,0,0,0,0,0,0,0,1.886968296,90.63%,0,3,None,0,41.67%,0,5,0,0,3,8,2,0,0,0,2,TR,GL,No,3
Eastern,Miami ,Tower,7,PIE,St. Petersburg Tower,11,9,0,0,9,81.82%,1.157354686,4,0,4,78.02%,3.120954004,0,0,0,0,1,0,0,1.624235967,86.33%,1,2,None,0,30.77%,0,2,0,0,1,3,1,0,0,0,1,TR,SO,No,7
Central,Cleveland ,Tower and Approach Control,9,PIT,Pittsburgh Tower,36,29,0,0,29,80.56%,1.914366111,17,0,17,50.00%,8.5,0,0,0,0,0,0,0,7.512757485,83.30%,6,13,None,0,36.96%,0,1,0,1,0,2,4,4,5,2,15,TR,EA,No,3
Eastern,New York ,Tower,5,PNE,Northeast Philadelphia Tower,11,9,0,0,9,81.82%,0.754473453,4,0,4,87.50%,3.5,0,0,0,0,0,0,0,0.125623156,112.49%,0,0,None,0,30.77%,0,0,0,0,3,3,1,0,0,0,1,TR,EA,No,7
Eastern,Jacksonville ,Tower,6,PNS,Pensacola Tower,11,12,1,0,11,100.00%,0.630337493,1,0,1,100.00%,1,0,0,1,1,2,0,0,0.205721708,98.13%,0,1,Category 1,2,8.33%,0,0,0,1,0,1,0,0,0,0,0,TR,SO,No,7
Western,Los Angeles ,Tower,5,POC,Brackett Tower,11,10,0,0,10,90.91%,0.670984047,3,0,3,92.86%,2.785714287,0,0,0,0,0,0,0,0.318169268,113.34%,0,0,Category 1,1,23.08%,0,0,0,0,2,2,1,0,0,0,1,TR,WP,No,7
Eastern,New York ,Tower,4,POU,Poughkeepsie Tower,10,9,0,0,9,90.00%,1.172408548,4,0,4,90.00%,3.6,0,0,0,0,0,0,0,0.777266382,118.23%,0,0,Category 2,1,30.77%,0,0,2,0,0,2,2,0,0,0,2,TR,EA,No,7
Central,Albuquerque ,Tower,7,PRC,Prescott Tower,15,13,0,0,13,86.67%,1.136550308,4,0,4,80.00%,3.2,0,0,0,0,0,0,0,0.452060573,104.99%,0,0,Category 2,1,23.53%,0,3,0,0,0,3,1,0,0,0,1,TR,WP,No,7
Western,Seattle,Tower and Approach Control,6,PSC,Pasco Tower,20,16,0,0,16,80.00%,0.983602655,5,0,5,100.00%,5,0,0,0,0,0,0,0,0.937949054,100.31%,0,0,None,0,23.81%,0,0,0,3,1,4,1,0,0,0,1,TR,NM,No,3
Western,Los Angeles ,Tower,5,PSP,Palm Springs Tower,11,10,0,0,10,90.91%,1.751228922,1,0,1,100.00%,1,0,0,0,0,1,0,0,0.593486363,85.51%,1,2,Category 2,1,9.09%,0,0,0,0,1,1,0,0,0,0,0,TR,WP,No,7
Central,Cleveland ,Tower,6,PTK,Pontiac Tower,11,9,1,0,8,72.73%,0.900267316,4,0,4,79.65%,3.185873604,0,0,1,1,0,0,0,0.4100061,107.05%,0,0,None,0,33.33%,0,1,0,0,1,2,1,0,0,1,2,TR,GL,No,7
Western,Denver,Tower,8,PUB,Pueblo Tower,15,11,0,1,10,66.67%,0.679397673,2,0,2,86.96%,1.739130434,1,0,1,1.869565217,0,0,0,0.183017692,89.50%,1,2,None,0,16.67%,0,1,0,0,1,2,0,0,0,0,0,TR,NM,No,7
Eastern,Boston ,Tower and Approach Control,7,PVD,Providence Tower,30,21,0,0,21,70.00%,1.341820671,12,0,12,66.67%,8.000000004,0,0,0,0,0,0,0,1.391725069,92.03%,0,4,None,0,36.36%,0,2,0,5,1,8,1,0,3,0,4,TR,NE,No,3
Central,Chicago ,Tower,5,PWK,Palwaukee Tower,11,10,0,0,10,90.91%,0.975359343,1,0,1,92.31%,0.923076923,0,0,0,0,0,0,0,0.528770373,94.49%,0,1,Category 1,1,9.09%,0,0,0,0,0,0,1,0,0,0,1,TR,GL,No,7
Eastern,Boston ,Tower and Approach Control,6,PWM,Portland Tower,22,17,0,0,17,77.27%,1.20483687,8,0,8,68.18%,5.454545456,0,0,0,0,0,0,0,0.502369815,99.78%,0,1,None,0,32.00%,0,1,0,5,2,8,0,0,0,0,0,TR,NE,No,3
Central,Minneapolis ,Approach Control,8,R90,Omaha TRACON,20,18,0,0,18,90.00%,0.999863107,3,0,3,90.91%,2.727272727,0,0,0,0,0,0,0,1.80750489,94.60%,0,2,Category 2,1,14.29%,0,0,0,1,0,1,0,2,0,0,2,TR,CE,No,2
Eastern,New York ,Tower and Approach Control,5,RDG,Reading TRACAB,17,12,0,0,12,70.59%,2.090896646,8,0,8,76.92%,6.153846152,0,0,0,0,1,0,0,2.13672366,88.34%,1,3,None,0,40.00%,0,7,0,0,0,7,1,0,0,0,1,TR,EA,No,3
Eastern,Washington ,Tower and Approach Control,9,RDU,Raleigh-Durham Tower,43,38,0,1,37,86.05%,1.52904246,9,0,9,93.55%,8.419354839,0,0,0,0,0,0,0,1.994029599,100.99%,0,0,Category 2,1,19.57%,0,1,1,0,0,2,2,2,2,1,7,TR,SO,No,3
Central,Chicago ,Tower and Approach Control,6,RFD,Rockford Tower,22,18,0,0,18,81.82%,1.189812313,6,0,6,100.00%,6,0,0,0,0,0,0,0,0.980999404,104.63%,0,0,None,0,25.00%,0,3,0,3,0,6,0,0,0,0,0,TR,GL,No,3
Western,Oakland,Tower,7,RHV,Reid-Hillview Tower,13,10,0,0,10,76.92%,0.562844483,3,0,3,95.00%,2.85,0,0,0,0,0,0,0,0.076800556,98.26%,0,1,None,0,23.08%,0,0,0,0,3,3,0,0,0,0,0,TR,WP,No,7
Eastern,Washington ,Tower,6,RIC,Richmond Tower,15,13,0,0,13,86.67%,1.637691079,4,0,4,85.71%,3.428571428,1,0,0,0.857142857,3,0,0,0.684447818,90.68%,0,2,Category 2,1,23.53%,0,2,0,0,2,4,0,0,0,0,0,TR,EA,No,7
Western,Oakland,Tower,5,RNO,Reno Tower,15,13,0,0,13,86.67%,0.699368773,2,0,2,60.00%,1.2,0,0,0,0,1,0,0,0.24695661,86.35%,1,4,Category 2,1,13.33%,0,1,0,0,1,2,0,0,0,0,0,TR,WP,No,7
Eastern,Washington ,Tower and Approach Control,6,ROA,Roanoke Tower,24,19,0,0,19,79.17%,2.101058904,5,0,5,94.44%,4.72222222,0,0,0,0,0,0,0,1.502072609,92.58%,0,2,None,0,20.83%,0,1,0,2,1,4,0,0,1,0,1,TR,EA,No,3
Central,Cleveland ,Tower and Approach Control,6,ROC,Rochester Tower,26,17,0,0,17,65.38%,1.677789185,9,0,9,84.21%,7.578947367,0,0,0,0,0,0,0,1.86997193,87.34%,1,4,None,0,34.62%,0,2,0,6,0,8,0,0,1,0,1,TR,EA,No,3
Central,Albuquerque ,Tower and Approach Control,5,ROW,Roswell Tower,15,10,0,0,10,66.67%,1.848210331,7,0,7,80.95%,5.66666667,0,0,0,0,0,0,0,0.937228993,98.20%,0,1,None,0,41.18%,0,2,0,0,5,7,0,0,0,0,0,TR,SW,No,3
Central,Minneapolis ,Tower and Approach Control,5,RST,Rochester Municipal TRACAB,13,10,0,1,9,69.23%,1.53745532,4,0,4,90.00%,3.6,0,0,1,1,0,0,0,0.385879186,101.65%,0,0,None,0,30.77%,0,2,0,0,1,3,0,0,0,1,1,TR,GL,No,3
Eastern,Miami ,Tower and Approach Control,8,RSW,Fort Myers Tower,30,24,0,0,24,80.00%,1.645346921,7,0,7,75.00%,5.25,0,0,0,0,0,0,0,1.630134123,92.07%,0,4,None,0,22.58%,0,0,0,1,0,1,4,0,2,0,6,TR,SO,No,3
Central,Kansas City ,Tower,7,RVS,Riverside Tower,16,14,1,0,13,81.25%,1.290622861,5,0,5,71.43%,3.57142857,0,0,1,1,0,1,0,0.914282331,97.86%,0,1,None,0,27.78%,0,4,0,0,1,5,0,0,0,0,0,TR,SW,No,7
Western,Seattle,Approach Control,10,S46,Seattle TRACON,43,35,0,0,35,81.40%,1.441833346,10,0,10,96.43%,9.64285714,0,0,0,0,1,0,0,2.319894285,96.10%,0,2,None,0,22.22%,0,4,0,0,0,4,2,2,0,2,6,TR,NM,No,2
Western,Salt Lake,Approach Control,10,S56,Salt Lake City TRACON,45,33,0,0,33,73.33%,1.477298654,14,0,14,72.00%,10.08,0,0,0,0,0,0,0,2.378546768,90.45%,0,6,None,0,29.79%,0,5,0,6,1,12,0,0,2,0,2,TR,NM,No,2
Western,Los Angeles ,Tower,8,SAN,San Diego Tower,26,26,1,0,25,96.15%,0.611635866,0,0,0,100.00%,0,0,0,1,1,1,0,0,0.403547457,94.60%,0,2,Category 1,3,0.00%,0,0,0,0,0,0,0,0,0,0,0,TR,WP,Yes,7
Central,Houston ,Tower and Approach Control,9,SAT,San Antonio Tower,45,37,0,0,37,82.22%,1.955958366,8,0,8,85.29%,6.823529408,3,0,0,2.558823528,0,0,0,3.826424914,94.57%,0,3,None,0,17.78%,0,1,2,1,0,4,2,1,1,0,4,TR,SW,No,3
Eastern,Jacksonville ,Tower and Approach Control,8,SAV,Savannah Tower,23,18,0,0,18,78.26%,1.638603696,7,0,7,80.00%,5.6,0,0,0,0,0,0,0,2.329561647,92.48%,0,3,None,0,28.00%,0,1,0,3,0,4,3,0,0,0,3,TR,SO,No,3
Western,Los Angeles ,Tower and Approach Control,7,SBA,Santa Barbara Tower,28,22,0,0,22,78.57%,1.783436003,6,0,6,95.24%,5.714285712,0,0,0,0,0,0,0,1.650542231,93.08%,0,3,None,0,21.43%,0,2,0,4,0,6,0,0,0,0,0,TR,WP,No,3
Central,Chicago ,Tower and Approach Control,7,SBN,South Bend Tower,26,17,0,1,16,61.54%,2.104342536,13,0,13,78.26%,10.17391305,0,0,1,1,0,0,0,1.870261221,97.32%,0,1,None,0,44.83%,0,5,0,8,0,13,0,0,0,0,0,TR,GL,No,3
Western,Oakland,Tower,5,SCK,Stockton Tower,11,11,0,1,10,90.91%,0.867477492,2,0,2,86.67%,1.733333334,0,1,1,1.866666667,1,1,0,0.709242743,99.01%,0,1,Category 1,1,16.67%,0,1,0,0,0,1,1,0,0,0,1,TR,WP,No,7
Western,Los Angeles ,Approach Control,12,SCT,Southern California TRACON,233,190,7,1,182,78.11%,1.554708126,29,0,29,73.13%,21.20895524,12,2,11,21.23880598,2,0,4,20.04407985,85.15%,17,48,None,0,13.74%,0,0,0,0,0,0,17,4,6,2,29,TR,WP,No,9
Central,Indianapolis,Tower and Approach Control,8,SDF,Standiford Tower,47,38,0,0,38,80.85%,2.236432972,8,0,8,75.00%,6,0,1,0,0.75,0,0,0,4.686501716,85.24%,4,10,None,0,17.39%,0,2,1,0,0,3,2,0,3,0,5,TR,SO,No,3
Central,Albuquerque ,Tower,6,SDL,Scottsdale Tower,11,9,0,0,9,81.82%,0.356886903,2,0,2,68.00%,1.36,0,0,0,0,0,0,0,0.199801308,92.37%,0,2,None,0,18.18%,0,0,0,0,0,0,2,0,0,0,2,TR,WP,No,7
Western,Seattle,Tower,10,SEA,Seattle Tower,29,24,0,0,24,82.76%,0.526099643,3,0,3,100.00%,3,0,0,0,0,0,0,0,0.229338515,92.31%,0,3,None,0,11.11%,0,0,0,0,0,0,2,0,1,0,3,TR,NM,Yes,7
Western,Los Angeles ,Tower,7,SEE,Gillespie Tower,15,12,0,0,12,80.00%,1.157354686,7,0,7,78.02%,5.461669507,0,1,0,0.780238501,0,0,0,0.714073219,116.85%,0,0,None,0,36.84%,0,5,0,0,0,5,2,0,0,0,2,TR,WP,No,7
Eastern,Jacksonville ,Tower,9,SFB,Sanford Tower,17,17,0,0,17,100.00%,0.614738763,2,0,2,88.24%,1.764705882,0,0,0,0,1,0,0,0.57057772,101.14%,0,0,Category 1,3,10.53%,0,0,0,1,0,1,1,0,0,0,1,TR,SO,No,7
Western,Oakland,Tower,10,SFO,San Francisco Tower,30,22,0,0,22,73.33%,0.95799888,6,0,6,78.57%,4.714285716,4,0,0,3.142857144,1,0,0,2.15082944,89.02%,1,5,None,0,21.43%,0,0,0,0,0,0,5,0,0,1,6,TR,WP,Yes,7
Central,Kansas City ,Tower and Approach Control,7,SGF,Springfield Tower,29,23,0,0,23,79.31%,1.1954141,5,0,5,80.00%,4,0,0,0,0,1,0,0,0.824012547,86.81%,2,5,None,0,17.86%,0,3,0,1,0,4,1,0,0,0,1,TR,CE,No,3
Central,Fort Worth,Tower and Approach Control,6,SHV,Shreveport Tower,26,15,0,0,15,57.69%,1.911786448,12,0,12,89.29%,10.71428572,0,0,0,0,0,0,0,1.003966212,95.04%,0,2,None,0,44.44%,0,1,0,11,0,12,0,0,0,0,0,TR,SW,No,3
Western,Oakland,Tower,7,SJC,San Jose Tower,15,13,0,0,13,86.67%,0.794524298,2,0,2,88.24%,1.764705882,0,0,0,0,1,0,0,0.625896342,87.59%,1,3,Category 2,1,13.33%,0,1,0,0,1,2,0,0,0,0,0,TR,WP,No,7
Eastern,Miami ,Tower,7,SJU,San Juan Tower,17,16,0,0,16,94.12%,1.396303901,0,0,0,88.89%,0,0,0,0,0,1,0,0,0.354098636,86.15%,1,3,Category 2,1,0.00%,0,0,0,0,0,0,0,0,0,0,0,TR,SO,No,7
Western,Salt Lake,Tower,10,SLC,Salt Lake City Tower,32,24,0,0,24,75.00%,0.927882521,6,0,6,88.00%,5.28,1,0,0,0.88,0,0,0,1.141189255,90.68%,0,4,None,0,20.00%,0,0,0,0,0,0,3,1,2,0,6,TR,NM,Yes,7
Western,Oakland,Tower,6,SMF,Sacramento Tower,15,12,0,0,12,80.00%,0.358907349,6,1,5,73.33%,3.666666665,0,1,0,0.733333333,3,0,0,0.125175656,88.50%,1,3,None,0,29.41%,0,3,0,0,2,5,1,0,0,0,1,TR,WP,No,7
Western,Los Angeles ,Tower,5,SMO,Santa Monica Tower,15,11,0,0,11,73.33%,0.789478831,6,0,6,70.00%,4.2,0,0,0,0,2,0,0,0.303098279,85.98%,1,4,None,0,35.29%,0,3,0,0,2,5,1,0,0,0,1,TR,WP,No,7
Western,Los Angeles ,Tower,8,SNA,John Wayne Tower,22,16,0,0,16,72.73%,1.445389655,7,1,6,82.35%,4.941176472,0,0,0,0,0,0,0,1.270169867,89.41%,1,3,None,0,27.27%,0,2,0,0,0,2,3,0,1,1,5,TR,WP,No,7
Central,Kansas City ,Tower and Approach Control,5,SPI,Springfield Tower,13,12,0,0,12,92.31%,1.56495551,1,0,1,83.33%,0.833333333,0,0,0,0,0,0,0,0.721670035,93.17%,0,2,Category 1,1,7.69%,0,0,0,0,1,1,0,0,0,0,0,TR,GL,No,3
Eastern,Miami ,Tower,6,SRQ,Sarasota Tower,13,11,0,0,11,84.62%,0.489443479,2,0,2,92.86%,1.857142858,0,0,0,0,0,0,0,0.278941711,96.76%,0,1,None,0,15.38%,0,2,0,0,0,2,0,0,0,0,0,TR,SO,No,7
Central,Kansas City ,Tower,8,STL,St. Louis Tower,22,16,0,0,16,72.73%,0.73324622,4,0,4,73.33%,2.933333332,1,0,0,0.733333333,0,0,0,1.033642745,84.70%,2,5,None,0,20.00%,0,1,0,0,0,1,1,0,2,0,3,TR,CE,No,7
Central,Minneapolis ,Tower,4,STP,St. Paul Tower,11,8,0,0,8,72.73%,1.059080924,5,0,5,83.81%,4.1902834,0,0,0,0,0,0,0,1.098368964,100.84%,0,0,None,0,38.46%,0,1,0,0,2,3,2,0,0,0,2,TR,GL,No,7
Western,Oakland,Tower,5,STS,Sonoma Tower,9,7,0,0,7,77.78%,0.777549624,3,0,3,88.89%,2.666666667,0,0,0,0,0,0,0,0.495098903,101.91%,0,0,None,0,30.00%,0,0,0,0,3,3,0,0,0,0,0,TR,WP,No,7
Eastern,Miami ,Tower,4,STT,St. Thomas Tower,11,10,0,0,10,90.91%,0.460130048,2,0,2,94.12%,1.882352942,0,0,0,0,0,1,0,0.245896706,96.70%,0,1,Category 1,1,16.67%,0,1,0,0,1,2,0,0,0,0,0,TR,SO,No,7
Central,Kansas City ,Tower,5,SUS,Spirit Tower,11,9,0,0,9,81.82%,0.603924253,2,0,2,100.00%,2,0,0,0,0,0,1,0,0.57960166,85.64%,1,2,None,0,18.18%,0,1,0,0,0,1,1,0,0,0,1,TR,CE,No,7
Central,Minneapolis ,Tower and Approach Control,5,SUX,Sioux Gateway Tower,15,11,0,0,11,73.33%,1.862716339,5,0,5,87.50%,4.375,0,0,0,0,0,0,0,0.621018743,98.36%,0,1,None,0,31.25%,0,2,0,0,3,5,0,0,0,0,0,TR,CE,No,3
Eastern,Boston ,Tower and Approach Control,6,SYR,Syracuse Tower,22,15,0,0,15,68.18%,2.453114305,9,0,9,69.23%,6.230769228,0,0,0,0,0,0,0,1.756047027,88.52%,1,4,None,0,37.50%,0,4,0,5,0,9,0,0,0,0,0,TR,NE,No,3
Central,Kansas City ,Approach Control,9,T75,St. Louis TRACON,26,20,0,0,20,76.92%,0.877754962,8,0,8,76.92%,6.153846152,0,0,0,0,0,0,0,3.412008424,87.47%,1,5,None,0,28.57%,0,3,0,3,0,6,1,0,0,1,2,TR,CE,No,2
Eastern,New York ,Tower,9,TEB,Teterboro Tower,20,13,0,0,13,65.00%,1.739561944,7,0,7,84.21%,5.894736841,0,0,0,0,0,0,0,1.095756079,88.99%,1,3,None,0,35.00%,0,0,0,0,1,1,5,0,0,1,6,TR,EA,No,7
Eastern,Jacksonville ,Tower and Approach Control,7,TLH,Tallahassee Tower,17,13,0,0,13,76.47%,1.205886379,5,0,5,80.00%,4,0,0,0,0,0,0,0,0.454230579,97.33%,0,1,None,0,27.78%,0,0,0,3,0,3,0,0,2,0,2,TR,SO,No,3
Eastern,Miami ,Tower,7,TMB,Tamiami Tower,17,16,0,0,16,94.12%,0.618754278,1,0,1,100.00%,1,0,0,0,0,0,0,0,0.560079157,96.71%,0,1,Category 1,2,5.88%,0,1,0,0,0,1,0,0,0,0,0,TR,SO,No,7
Western,Los Angeles ,Tower,5,TOA,Torrance Tower,11,8,0,0,8,72.73%,0.666264042,3,0,3,100.00%,3,0,0,0,0,0,0,0,0.164164476,98.51%,0,1,None,0,27.27%,0,1,0,0,0,1,2,0,0,0,2,TR,WP,No,7
Central,Cleveland ,Tower and Approach Control,6,TOL,Toledo Tower,24,20,0,0,20,83.33%,2.072161924,7,0,7,82.35%,5.764705884,0,0,0,0,0,0,0,1.101707778,102.76%,0,0,None,0,25.93%,0,2,0,4,0,6,1,0,0,0,1,TR,GL,No,3
Eastern,Miami ,Tower and Approach Control,10,TPA,Tampa Tower,53,43,2,0,41,77.36%,1.669575633,14,0,14,72.73%,10.18181818,0,0,2,2,0,0,0,5.06993052,90.78%,0,7,None,0,25.45%,0,0,3,1,1,5,5,1,2,1,9,TR,SO,Yes,3
Eastern,Atlanta ,Tower and Approach Control,5,TRI,Tri-Cities Tower,17,13,0,0,13,76.47%,2.107149524,10,0,10,61.11%,6.11111111,0,0,0,0,0,0,0,2.184982143,99.57%,0,1,None,0,43.48%,0,7,0,2,0,9,1,0,0,0,1,TR,SO,No,3
Central,Kansas City ,Tower and Approach Control,8,TUL,Tulsa Tower,30,21,0,0,21,70.00%,1.790554415,10,0,10,75.00%,7.5,0,0,0,0,0,0,0,3.194655533,84.35%,3,7,None,0,32.26%,0,2,0,2,1,5,3,0,2,0,5,TR,CE,No,3
Central,Albuquerque ,Tower,6,TUS,Tucson Tower,17,11,0,0,11,64.71%,0.961841205,8,0,8,69.57%,5.565217392,0,0,0,0,1,0,0,0.619855276,87.91%,1,3,None,0,42.11%,0,6,0,0,1,7,1,0,0,0,1,TR,WP,No,7
Central,Minneapolis ,Tower,5,TVC,Traverse City Tower,9,8,0,0,8,88.89%,0.880849708,2,0,2,83.04%,1.660714286,0,0,0,0,1,0,0,0.615253286,89.39%,1,2,Category 2,1,20.00%,0,1,0,0,1,2,0,0,0,0,0,TR,GL,No,7
Western,Salt Lake,Tower and Approach Control,5,TWF,Twin Falls Tower,9,9,0,0,9,100.00%,1.533500646,2,0,2,90.00%,1.8,0,0,0,0,0,0,0,0.428506757,115.24%,0,0,Category 1,2,18.18%,0,1,0,0,0,1,1,0,0,0,1,TR,NM,No,4
Eastern,Atlanta ,Tower and Approach Control,7,TYS,Knoxville Tower,28,22,0,0,22,78.57%,2.26146475,15,0,15,70.97%,10.64516129,0,0,0,0,0,0,0,3.606778221,103.71%,0,0,None,0,40.54%,0,7,0,7,0,14,1,0,0,0,1,TR,SO,No,3
Central,Albuquerque ,Approach Control,8,U90,Tucson TRACON,17,15,0,0,15,88.24%,1.254848277,6,0,6,56.25%,3.375,0,0,0,0,0,0,0,0.633524637,104.36%,0,0,Category 2,1,28.57%,0,1,0,1,3,5,0,0,1,0,1,TR,WP,No,2
Western,Los Angeles ,Tower,7,VGT,North Las Vegas Tower,11,11,0,0,11,100.00%,0.586721424,0,0,0,83.33%,0,0,0,0,0,0,0,0,0.119925991,98.91%,0,1,Category 1,2,0.00%,0,0,0,0,0,0,0,0,0,0,0,TR,WP,No,7
Western,Los Angeles ,Tower,7,VNY,Van Nuys Tower,24,18,0,0,18,75.00%,1.510228915,7,0,7,81.82%,5.727272726,0,1,0,0.818181818,0,0,0,1.461118953,96.18%,0,2,None,0,28.00%,0,2,1,0,0,3,0,0,3,1,4,TR,WP,No,7
Eastern,Miami ,Tower,7,VRB,Vero Beach Tower,11,12,0,0,12,109.09%,0.937091656,0,0,0,78.57%,0,0,0,0,0,0,0,0,0.314807723,106.23%,0,0,Category 1,3,0.00%,0,0,0,0,0,0,0,0,0,0,0,TR,SO,No,7
Eastern,Boston ,Approach Control,8,Y90,Yankee TRACON,22,14,0,1,13,59.09%,2.079853981,12,0,12,57.14%,6.857142852,0,0,1,1,0,0,0,1.89289506,86.20%,2,6,None,0,48.00%,0,6,0,3,0,9,3,0,0,0,3,TR,NE,No,2
Central,Cleveland ,Tower,4,YIP,Willow Run Tower,15,13,0,0,13,86.67%,0.440565822,5,0,5,100.00%,5,0,0,0,0,0,0,0,0.202045243,118.65%,0,0,Category 2,1,27.78%,0,1,0,0,3,4,1,0,0,0,1,TR,GL,No,7
Central,Cleveland ,Tower and Approach Control,5,YNG,Youngstown Tower,19,13,0,0,13,68.42%,1.388090349,9,0,9,83.33%,7.499999997,0,0,0,0,0,0,0,0.981605757,102.73%,0,0,None,0,40.91%,0,2,0,0,6,8,0,0,0,1,1,TR,GL,No,3
Central,Albuquerque ,Enroute Centers,10,ZAB,Albuquerque ARTCC,200,148,2,0,146,73.00%,2.318201443,68,0,68,81.25%,55.25,0,0,2,2,0,0,0,20.43544779,91.41%,0,22,None,0,31.78%,0,25,9,21,12,67,1,0,0,0,1,ER,SW,No,8
Western,Alaska,Enroute Centers,10,ZAN,Anchorage ARTCC,98,81,0,1,80,81.63%,2.656932086,34,0,34,81.82%,27.81818181,0,0,0,0,4,0,0,9.78082512,95.96%,0,5,None,0,29.82%,0,19,3,8,0,30,4,0,0,0,4,ER,AL,No,8
Central,Chicago ,Enroute Centers,12,ZAU,Chicago ARTCC,321,272,1,1,270,84.11%,2.560473007,84,0,84,85.45%,71.78181822,1,0,2,2.854545455,0,0,0,50.68109698,91.57%,0,32,None,0,23.73%,0,20,11,21,20,72,3,3,4,2,12,ER,GL,No,8
Eastern,Boston ,Enroute Centers,11,ZBW,Boston ARTCC,203,169,2,0,167,82.27%,2.517910107,49,0,49,86.75%,42.50602412,0,0,3,3,0,0,1,26.06633081,91.35%,0,21,None,0,22.69%,0,11,9,9,9,38,7,0,2,2,11,ER,NE,No,8
Eastern,Washington ,Enroute Centers,12,ZDC,Washington ARTCC,305,246,6,1,239,78.36%,2.541820671,88,0,88,73.91%,65.04347828,2,0,0,1.47826087,0,0,0,35.74464932,88.45%,8,48,None,0,26.91%,0,8,11,30,26,75,13,0,0,0,13,ER,EA,No,8
Western,Denver,Enroute Centers,10,ZDV,Denver ARTCC,258,223,3,0,220,85.27%,1.952619971,34,0,34,89.26%,30.34710742,4,0,5,8.570247932,4,0,2,18.4522484,90.88%,0,27,Category 2,1,13.39%,0,7,10,7,1,25,2,0,5,2,9,ER,NM,No,8
Central,Fort Worth,Enroute Centers,12,ZFW,Fort Worth ARTCC,290,249,7,0,242,83.45%,2.41134453,70,0,70,80.14%,56.09589041,0,0,7,7,0,0,0,39.11361203,91.72%,0,30,None,0,22.44%,1,13,9,17,17,57,4,1,4,4,13,ER,SW,No,8
Central,Houston ,Enroute Centers,11,ZHU,Houston ARTCC,277,257,6,2,249,89.89%,2.370978782,53,0,53,79.72%,42.25174824,0,1,9,9.797202797,7,0,3,34.74919332,92.53%,0,26,Category 2,14,17.55%,0,21,7,13,5,46,2,2,2,1,7,ER,SW,No,8
Central,Indianapolis,Enroute Centers,12,ZID,Indianapolis ARTCC,296,228,1,0,227,76.69%,2.273437739,79,0,79,84.81%,67.00000001,5,4,1,8.632911394,0,0,0,42.96533719,87.73%,10,43,None,0,25.82%,0,30,9,17,7,63,5,3,6,2,16,ER,GL,No,8
Eastern,Jacksonville ,Enroute Centers,11,ZJX,Jacksonville ARTCC,241,208,2,0,206,85.48%,1.939579391,43,0,43,96.23%,41.37735849,0,0,2,2,2,1,0,21.84537763,93.17%,0,18,Category 2,2,17.27%,0,14,11,3,7,35,2,0,0,6,8,ER,SO,No,8
Central,Kansas City ,Enroute Centers,11,ZKC,Kansas City ARTCC,232,194,3,1,190,81.90%,2.381861739,61,0,61,77.67%,47.37864077,0,0,3,3,1,0,0,27.19260044,91.46%,0,26,None,0,24.30%,0,10,10,25,5,50,7,0,2,2,11,ER,CE,No,8
Western,Los Angeles ,Enroute Centers,12,ZLA,Los Angeles ARTCC,245,195,3,0,192,78.37%,2.475136149,68,0,68,75.16%,51.11111112,2,0,3,4.503267974,0,0,0,31.28023166,88.30%,7,39,None,0,26.15%,0,20,9,11,13,53,15,0,0,0,15,ER,WP,No,8
Western,Salt Lake,Enroute Centers,10,ZLC,Salt Lake City ARTCC,150,124,1,0,123,82.00%,1.97886877,24,1,23,91.67%,21.08333334,4,1,0,4.583333335,3,0,0,11.82937182,89.22%,2,18,None,0,15.75%,0,3,2,8,5,18,3,1,0,2,6,ER,NM,No,8
Eastern,Miami ,Enroute Centers,11,ZMA,Miami ARTCC,267,226,7,0,219,82.02%,2.50513347,55,0,55,87.72%,48.24561401,4,1,7,11.38596491,0,0,0,33.0368277,91.98%,0,25,None,0,20.07%,0,18,3,16,7,44,1,2,7,1,11,ER,SO,No,8
Eastern,Memphis ,Enroute Centers,12,ZME,Memphis ARTCC,264,196,3,0,193,73.11%,2.326747872,90,0,90,83.74%,75.36585366,0,0,1,1,0,0,0,29.82296555,90.74%,0,30,None,0,31.80%,0,39,9,24,11,83,3,0,4,0,7,ER,SO,No,8
Central,Minneapolis ,Enroute Centers,11,ZMP,Minneapolis ARTCC,256,222,4,0,218,85.16%,2.365545859,66,0,66,67.02%,44.23036649,4,0,4,6.680628272,8,0,0,37.56306963,87.25%,12,49,Category 2,1,23.24%,0,27,8,14,8,57,6,1,1,1,9,ER,GL,No,8
Eastern,New York ,Enroute Centers,12,ZNY,New York ARTCC,296,217,3,0,214,72.30%,3.439014374,99,0,99,32.47%,32.14285718,0,0,2,2,0,0,0,71.22736074,59.77%,279,367,None,0,31.63%,0,6,1,63,16,86,9,1,1,2,13,ER,EA,No,8
Western,Oakland,Enroute Centers,11,ZOA,Oakland ARTCC,207,154,2,1,151,72.95%,2.542847365,97,0,97,56.60%,54.90566039,2,0,2,3.132075472,0,0,0,24.12185176,89.33%,4,40,None,0,39.11%,0,45,9,15,23,92,5,0,0,0,5,ER,WP,No,8
Central,Cleveland ,Enroute Centers,12,ZOB,Cleveland ARTCC,313,247,0,1,246,78.59%,1.961949462,73,0,73,84.48%,61.67241378,6,0,0,5.068965516,1,0,0,38.81658419,87.20%,12,48,None,0,22.88%,1,31,1,18,6,57,5,5,5,1,16,ER,GL,No,8
Western,Seattle,Enroute Centers,10,ZSE,Seattle ARTCC,165,132,0,1,131,79.39%,2.171026396,45,0,45,75.41%,33.93442625,1,0,1,1.754098361,0,0,0,15.86243429,91.41%,0,19,None,0,25.57%,0,10,16,6,3,35,4,2,3,1,10,ER,NM,No,8
Eastern,Miami ,Combined Control Facilities,9,ZSU,San Juan,62,34,0,0,34,54.84%,2.471062438,32,0,32,64.29%,20.57142858,0,1,0,0.642857143,0,0,0,4.271886205,82.17%,8,18,None,0,48.48%,0,6,11,12,3,32,0,0,0,0,0,ER,SO,No,6
Eastern,Atlanta ,Enroute Centers,12,ZTL,Atlanta ARTCC,349,267,2,1,264,75.64%,2.704214335,105,0,105,91.30%,95.86956519,1,0,3,3.913043478,0,0,0,47.74745906,90.55%,0,37,None,0,28.46%,0,22,13,4,17,56,5,18,16,10,49,ER,SO,No,8
Western,Hawaii/Guam,Combined Control Facilities,8,ZUA,Guam,17,12,0,3,9,52.94%,0.700561259,7,0,7,96.15%,6.730769234,0,0,0,0,1,0,0,0.396878293,84.32%,2,3,None,0,43.75%,0,2,1,1,0,4,3,0,0,0,3,ER,WP,No,6
,,,,National,,13012,10446,123,46,10277,0.789809407,1.417426171,3428,9,3419,0.820113887,2613.929828,144,33,150,288.5354987,177,23,14,1212.093536,0.903271733,770,2197,-,150,24.15%,2,888,221,642,487,2240,617,173,262,136,1188,,,,
